season,team,team_name,file,source_url
1996-97,ATL,Atlanta Hawks,1995_atlanta-hawks.png,https://i.logocdn.com/nba/1995/atlanta-hawks@3x.png
1996-97,BOS,Boston Celtics,1996_boston-celtics.svg,https://i.logocdn.com/nba/1996/boston-celtics.svg
1996-97,CHH,Charlotte Hornets,1988_charlotte-hornets.png,https://i.logocdn.com/nba/1988/charlotte-hornets@3x.png
1996-97,CHI,Chicago Bulls,1966_chicago-bulls.svg,https://i.logocdn.com/nba/1966/chicago-bulls.svg
1996-97,CLE,Cleveland Cavaliers,1994_cleveland-cavaliers.png,https://i.logocdn.com/nba/1994/cleveland-cavaliers@3x.png
1996-97,DAL,Dallas Mavericks,1993_dallas-mavericks.png,https://i.logocdn.com/nba/1993/dallas-mavericks@3x.png
1996-97,DEN,Denver Nuggets,1993_denver-nuggets.png,https://i.logocdn.com/nba/1993/denver-nuggets@3x.png
1996-97,DET,Detroit Pistons,1996_detroit-pistons.png,https://i.logocdn.com/nba/1996/detroit-pistons@3x.png
1996-97,GSW,Golden State Warriors,1988_golden-state-warriors.png,https://i.logocdn.com/nba/1988/golden-state-warriors@3x.png
1996-97,HOU,Houston Rockets,1995_houston-rockets.png,https://i.logocdn.com/nba/1995/houston-rockets@3x.png
1996-97,IND,Indiana Pacers,1990_indiana-pacers.png,https://content.sportslogos.net/logos/6/224/full/indiana-pacers-logo-primary-1991-2451.png
1996-97,LAC,Los Angeles Clippers,1984_los-angeles-clippers.png,https://i.logocdn.com/nba/1984/los-angeles-clippers@3x.png
1996-97,LAL,Los Angeles Lakers,1976_los-angeles-lakers.png,https://i.logocdn.com/nba/1976/los-angeles-lakers@3x.png
1996-97,MIA,Miami Heat,1988_miami-heat.png,https://i.logocdn.com/nba/1988/miami-heat@3x.png
1996-97,MIL,Milwaukee Bucks,1993_milwaukee-bucks.png,https://i.logocdn.com/nba/1993/milwaukee-bucks@3x.png
1996-97,MIN,Minnesota Timberwolves,1996_minnesota-timberwolves.png,https://i.logocdn.com/nba/1996/minnesota-timberwolves@3x.png
1996-97,NJN,New Jersey Nets,1990_new-jersey-nets.png,https://i.logocdn.com/nba/1990/new-jersey-nets@3x.png
1996-97,NYK,New York Knicks,1995_new-york-knicks.png,https://i.logocdn.com/nba/1995/new-york-knicks@3x.png
1996-97,ORL,Orlando Magic,1989_orlando-magic.png,https://i.logocdn.com/nba/1989/orlando-magic@3x.png
1996-97,PHI,Philadelphia 76ers,1977_philadelphia-76ers.png,https://i.logocdn.com/nba/1977/philadelphia-76ers@3x.png
1996-97,PHX,Phoenix Suns,1992_phoenix-suns.png,https://i.logocdn.com/nba/1992/phoenix-suns@3x.png
1996-97,POR,Portland Trail Blazers,1990_portland-trail-blazers.png,https://i.logocdn.com/nba/1990/portland-trail-blazers@3x.png
1996-97,SAC,Sacramento Kings,1994_sacramento-kings.png,https://i.logocdn.com/nba/1994/sacramento-kings@3x.png
1996-97,SAS,San Antonio Spurs,1989_san-antonio-spurs.png,https://i.logocdn.com/nba/1989/san-antonio-spurs@3x.png
1996-97,SEA,Seattle SuperSonics,1995_seattle-supersonics.png,https://i.logocdn.com/nba/1995/seattle-supersonics@3x.png
1996-97,TOR,Toronto Raptors,1995_toronto-raptors.png,https://i.logocdn.com/nba/1995/toronto-raptors@3x.png
1996-97,UTA,Utah Jazz,1996_utah-jazz.png,https://i.logocdn.com/nba/1996/utah-jazz@3x.png
1996-97,VAN,Vancouver Grizzlies,1995_vancouver-grizzlies.png,https://i.logocdn.com/nba/1995/vancouver-grizzlies@3x.png
1996-97,WAS,Washington Bullets,1987_washington-bullets.png,https://i.logocdn.com/nba/1987/washington-bullets@3x.png
1997-98,ATL,Atlanta Hawks,1995_atlanta-hawks.png,https://i.logocdn.com/nba/1995/atlanta-hawks@3x.png
1997-98,BOS,Boston Celtics,1996_boston-celtics.svg,https://i.logocdn.com/nba/1996/boston-celtics.svg
1997-98,CHH,Charlotte Hornets,1988_charlotte-hornets.png,https://i.logocdn.com/nba/1988/charlotte-hornets@3x.png
1997-98,CHI,Chicago Bulls,1966_chicago-bulls.svg,https://i.logocdn.com/nba/1966/chicago-bulls.svg
1997-98,CLE,Cleveland Cavaliers,1994_cleveland-cavaliers.png,https://i.logocdn.com/nba/1994/cleveland-cavaliers@3x.png
1997-98,DAL,Dallas Mavericks,1993_dallas-mavericks.png,https://i.logocdn.com/nba/1993/dallas-mavericks@3x.png
1997-98,DEN,Denver Nuggets,1993_denver-nuggets.png,https://i.logocdn.com/nba/1993/denver-nuggets@3x.png
1997-98,DET,Detroit Pistons,1996_detroit-pistons.png,https://i.logocdn.com/nba/1996/detroit-pistons@3x.png
1997-98,GSW,Golden State Warriors,1997_golden-state-warriors.png,https://i.logocdn.com/nba/1997/golden-state-warriors@3x.png
1997-98,HOU,Houston Rockets,1995_houston-rockets.png,https://i.logocdn.com/nba/1995/houston-rockets@3x.png
1997-98,IND,Indiana Pacers,1990_indiana-pacers.png,https://content.sportslogos.net/logos/6/224/full/indiana-pacers-logo-primary-1991-2451.png
1997-98,LAC,Los Angeles Clippers,1984_los-angeles-clippers.png,https://i.logocdn.com/nba/1984/los-angeles-clippers@3x.png
1997-98,LAL,Los Angeles Lakers,1976_los-angeles-lakers.png,https://i.logocdn.com/nba/1976/los-angeles-lakers@3x.png
1997-98,MIA,Miami Heat,1988_miami-heat.png,https://i.logocdn.com/nba/1988/miami-heat@3x.png
1997-98,MIL,Milwaukee Bucks,1993_milwaukee-bucks.png,https://i.logocdn.com/nba/1993/milwaukee-bucks@3x.png
1997-98,MIN,Minnesota Timberwolves,1996_minnesota-timberwolves.png,https://i.logocdn.com/nba/1996/minnesota-timberwolves@3x.png
1997-98,NJN,New Jersey Nets,1997_new-jersey-nets.png,https://i.logocdn.com/nba/1997/new-jersey-nets@3x.png
1997-98,NYK,New York Knicks,1995_new-york-knicks.png,https://i.logocdn.com/nba/1995/new-york-knicks@3x.png
1997-98,ORL,Orlando Magic,1989_orlando-magic.png,https://i.logocdn.com/nba/1989/orlando-magic@3x.png
1997-98,PHI,Philadelphia 76ers,1997_philadelphia-76ers.png,https://i.logocdn.com/nba/1997/philadelphia-76ers@3x.png
1997-98,PHX,Phoenix Suns,1992_phoenix-suns.png,https://i.logocdn.com/nba/1992/phoenix-suns@3x.png
1997-98,POR,Portland Trail Blazers,1990_portland-trail-blazers.png,https://i.logocdn.com/nba/1990/portland-trail-blazers@3x.png
1997-98,SAC,Sacramento Kings,1994_sacramento-kings.png,https://i.logocdn.com/nba/1994/sacramento-kings@3x.png
1997-98,SAS,San Antonio Spurs,1989_san-antonio-spurs.png,https://i.logocdn.com/nba/1989/san-antonio-spurs@3x.png
1997-98,SEA,Seattle SuperSonics,1995_seattle-supersonics.png,https://i.logocdn.com/nba/1995/seattle-supersonics@3x.png
1997-98,TOR,Toronto Raptors,1995_toronto-raptors.png,https://i.logocdn.com/nba/1995/toronto-raptors@3x.png
1997-98,UTA,Utah Jazz,1996_utah-jazz.png,https://i.logocdn.com/nba/1996/utah-jazz@3x.png
1997-98,VAN,Vancouver Grizzlies,1995_vancouver-grizzlies.png,https://i.logocdn.com/nba/1995/vancouver-grizzlies@3x.png
1997-98,WAS,Washington Wizards,1997_washington-wizards.png,https://i.logocdn.com/nba/1997/washington-wizards@3x.png
1998-99,ATL,Atlanta Hawks,1995_atlanta-hawks.png,https://i.logocdn.com/nba/1995/atlanta-hawks@3x.png
1998-99,BOS,Boston Celtics,1996_boston-celtics.svg,https://i.logocdn.com/nba/1996/boston-celtics.svg
1998-99,CHH,Charlotte Hornets,1988_charlotte-hornets.png,https://i.logocdn.com/nba/1988/charlotte-hornets@3x.png
1998-99,CHI,Chicago Bulls,1966_chicago-bulls.svg,https://i.logocdn.com/nba/1966/chicago-bulls.svg
1998-99,CLE,Cleveland Cavaliers,1994_cleveland-cavaliers.png,https://i.logocdn.com/nba/1994/cleveland-cavaliers@3x.png
1998-99,DAL,Dallas Mavericks,1993_dallas-mavericks.png,https://i.logocdn.com/nba/1993/dallas-mavericks@3x.png
1998-99,DEN,Denver Nuggets,1993_denver-nuggets.png,https://i.logocdn.com/nba/1993/denver-nuggets@3x.png
1998-99,DET,Detroit Pistons,1996_detroit-pistons.png,https://i.logocdn.com/nba/1996/detroit-pistons@3x.png
1998-99,GSW,Golden State Warriors,1997_golden-state-warriors.png,https://i.logocdn.com/nba/1997/golden-state-warriors@3x.png
1998-99,HOU,Houston Rockets,1995_houston-rockets.png,https://i.logocdn.com/nba/1995/houston-rockets@3x.png
1998-99,IND,Indiana Pacers,1990_indiana-pacers.png,https://content.sportslogos.net/logos/6/224/full/indiana-pacers-logo-primary-1991-2451.png
1998-99,LAC,Los Angeles Clippers,1984_los-angeles-clippers.png,https://i.logocdn.com/nba/1984/los-angeles-clippers@3x.png
1998-99,LAL,Los Angeles Lakers,1976_los-angeles-lakers.png,https://i.logocdn.com/nba/1976/los-angeles-lakers@3x.png
1998-99,MIA,Miami Heat,1988_miami-heat.png,https://i.logocdn.com/nba/1988/miami-heat@3x.png
1998-99,MIL,Milwaukee Bucks,1993_milwaukee-bucks.png,https://i.logocdn.com/nba/1993/milwaukee-bucks@3x.png
1998-99,MIN,Minnesota Timberwolves,1996_minnesota-timberwolves.png,https://i.logocdn.com/nba/1996/minnesota-timberwolves@3x.png
1998-99,NJN,New Jersey Nets,1997_new-jersey-nets.png,https://i.logocdn.com/nba/1997/new-jersey-nets@3x.png
1998-99,NYK,New York Knicks,1995_new-york-knicks.png,https://i.logocdn.com/nba/1995/new-york-knicks@3x.png
1998-99,ORL,Orlando Magic,1989_orlando-magic.png,https://i.logocdn.com/nba/1989/orlando-magic@3x.png
1998-99,PHI,Philadelphia 76ers,1997_philadelphia-76ers.png,https://i.logocdn.com/nba/1997/philadelphia-76ers@3x.png
1998-99,PHX,Phoenix Suns,1992_phoenix-suns.png,https://i.logocdn.com/nba/1992/phoenix-suns@3x.png
1998-99,POR,Portland Trail Blazers,1990_portland-trail-blazers.png,https://i.logocdn.com/nba/1990/portland-trail-blazers@3x.png
1998-99,SAC,Sacramento Kings,1994_sacramento-kings.png,https://i.logocdn.com/nba/1994/sacramento-kings@3x.png
1998-99,SAS,San Antonio Spurs,1989_san-antonio-spurs.png,https://i.logocdn.com/nba/1989/san-antonio-spurs@3x.png
1998-99,SEA,Seattle SuperSonics,1995_seattle-supersonics.png,https://i.logocdn.com/nba/1995/seattle-supersonics@3x.png
1998-99,TOR,Toronto Raptors,1995_toronto-raptors.png,https://i.logocdn.com/nba/1995/toronto-raptors@3x.png
1998-99,UTA,Utah Jazz,1996_utah-jazz.png,https://i.logocdn.com/nba/1996/utah-jazz@3x.png
1998-99,VAN,Vancouver Grizzlies,1995_vancouver-grizzlies.png,https://i.logocdn.com/nba/1995/vancouver-grizzlies@3x.png
1998-99,WAS,Washington Wizards,1997_washington-wizards.png,https://i.logocdn.com/nba/1997/washington-wizards@3x.png
1999-00,ATL,Atlanta Hawks,1995_atlanta-hawks.png,https://i.logocdn.com/nba/1995/atlanta-hawks@3x.png
1999-00,BOS,Boston Celtics,1996_boston-celtics.svg,https://i.logocdn.com/nba/1996/boston-celtics.svg
1999-00,CHH,Charlotte Hornets,1988_charlotte-hornets.png,https://i.logocdn.com/nba/1988/charlotte-hornets@3x.png
1999-00,CHI,Chicago Bulls,1966_chicago-bulls.svg,https://i.logocdn.com/nba/1966/chicago-bulls.svg
1999-00,CLE,Cleveland Cavaliers,1994_cleveland-cavaliers.png,https://i.logocdn.com/nba/1994/cleveland-cavaliers@3x.png
1999-00,DAL,Dallas Mavericks,1993_dallas-mavericks.png,https://i.logocdn.com/nba/1993/dallas-mavericks@3x.png
1999-00,DEN,Denver Nuggets,1993_denver-nuggets.png,https://i.logocdn.com/nba/1993/denver-nuggets@3x.png
1999-00,DET,Detroit Pistons,1996_detroit-pistons.png,https://i.logocdn.com/nba/1996/detroit-pistons@3x.png
1999-00,GSW,Golden State Warriors,1997_golden-state-warriors.png,https://i.logocdn.com/nba/1997/golden-state-warriors@3x.png
1999-00,HOU,Houston Rockets,1995_houston-rockets.png,https://i.logocdn.com/nba/1995/houston-rockets@3x.png
1999-00,IND,Indiana Pacers,1990_indiana-pacers.png,https://content.sportslogos.net/logos/6/224/full/indiana-pacers-logo-primary-1991-2451.png
1999-00,LAC,Los Angeles Clippers,1984_los-angeles-clippers.png,https://i.logocdn.com/nba/1984/los-angeles-clippers@3x.png
1999-00,LAL,Los Angeles Lakers,1976_los-angeles-lakers.png,https://i.logocdn.com/nba/1976/los-angeles-lakers@3x.png
1999-00,MIA,Miami Heat,1999_miami-heat.svg,https://i.logocdn.com/nba/1999/miami-heat.svg
1999-00,MIL,Milwaukee Bucks,1993_milwaukee-bucks.png,https://i.logocdn.com/nba/1993/milwaukee-bucks@3x.png
1999-00,MIN,Minnesota Timberwolves,1996_minnesota-timberwolves.png,https://i.logocdn.com/nba/1996/minnesota-timberwolves@3x.png
1999-00,NJN,New Jersey Nets,1997_new-jersey-nets.png,https://i.logocdn.com/nba/1997/new-jersey-nets@3x.png
1999-00,NYK,New York Knicks,1995_new-york-knicks.png,https://i.logocdn.com/nba/1995/new-york-knicks@3x.png
1999-00,ORL,Orlando Magic,1989_orlando-magic.png,https://i.logocdn.com/nba/1989/orlando-magic@3x.png
1999-00,PHI,Philadelphia 76ers,1997_philadelphia-76ers.png,https://i.logocdn.com/nba/1997/philadelphia-76ers@3x.png
1999-00,PHX,Phoenix Suns,1992_phoenix-suns.png,https://i.logocdn.com/nba/1992/phoenix-suns@3x.png
1999-00,POR,Portland Trail Blazers,1990_portland-trail-blazers.png,https://i.logocdn.com/nba/1990/portland-trail-blazers@3x.png
1999-00,SAC,Sacramento Kings,1994_sacramento-kings.png,https://i.logocdn.com/nba/1994/sacramento-kings@3x.png
1999-00,SAS,San Antonio Spurs,1989_san-antonio-spurs.png,https://i.logocdn.com/nba/1989/san-antonio-spurs@3x.png
1999-00,SEA,Seattle SuperSonics,1995_seattle-supersonics.png,https://i.logocdn.com/nba/1995/seattle-supersonics@3x.png
1999-00,TOR,Toronto Raptors,1995_toronto-raptors.png,https://i.logocdn.com/nba/1995/toronto-raptors@3x.png
1999-00,UTA,Utah Jazz,1996_utah-jazz.png,https://i.logocdn.com/nba/1996/utah-jazz@3x.png
1999-00,VAN,Vancouver Grizzlies,1995_vancouver-grizzlies.png,https://i.logocdn.com/nba/1995/vancouver-grizzlies@3x.png
1999-00,WAS,Washington Wizards,1997_washington-wizards.png,https://i.logocdn.com/nba/1997/washington-wizards@3x.png
2000-01,ATL,Atlanta Hawks,1995_atlanta-hawks.png,https://i.logocdn.com/nba/1995/atlanta-hawks@3x.png
2000-01,BOS,Boston Celtics,1996_boston-celtics.svg,https://i.logocdn.com/nba/1996/boston-celtics.svg
2000-01,CHH,Charlotte Hornets,1988_charlotte-hornets.png,https://i.logocdn.com/nba/1988/charlotte-hornets@3x.png
2000-01,CHI,Chicago Bulls,1966_chicago-bulls.svg,https://i.logocdn.com/nba/1966/chicago-bulls.svg
2000-01,CLE,Cleveland Cavaliers,1994_cleveland-cavaliers.png,https://i.logocdn.com/nba/1994/cleveland-cavaliers@3x.png
2000-01,DAL,Dallas Mavericks,1993_dallas-mavericks.png,https://i.logocdn.com/nba/1993/dallas-mavericks@3x.png
2000-01,DEN,Denver Nuggets,1993_denver-nuggets.png,https://i.logocdn.com/nba/1993/denver-nuggets@3x.png
2000-01,DET,Detroit Pistons,1996_detroit-pistons.png,https://i.logocdn.com/nba/1996/detroit-pistons@3x.png
2000-01,GSW,Golden State Warriors,1997_golden-state-warriors.png,https://i.logocdn.com/nba/1997/golden-state-warriors@3x.png
2000-01,HOU,Houston Rockets,1995_houston-rockets.png,https://i.logocdn.com/nba/1995/houston-rockets@3x.png
2000-01,IND,Indiana Pacers,1990_indiana-pacers.png,https://content.sportslogos.net/logos/6/224/full/indiana-pacers-logo-primary-1991-2451.png
2000-01,LAC,Los Angeles Clippers,1984_los-angeles-clippers.png,https://i.logocdn.com/nba/1984/los-angeles-clippers@3x.png
2000-01,LAL,Los Angeles Lakers,1976_los-angeles-lakers.png,https://i.logocdn.com/nba/1976/los-angeles-lakers@3x.png
2000-01,MIA,Miami Heat,1999_miami-heat.svg,https://i.logocdn.com/nba/1999/miami-heat.svg
2000-01,MIL,Milwaukee Bucks,1993_milwaukee-bucks.png,https://i.logocdn.com/nba/1993/milwaukee-bucks@3x.png
2000-01,MIN,Minnesota Timberwolves,1996_minnesota-timberwolves.png,https://i.logocdn.com/nba/1996/minnesota-timberwolves@3x.png
2000-01,NJN,New Jersey Nets,1997_new-jersey-nets.png,https://i.logocdn.com/nba/1997/new-jersey-nets@3x.png
2000-01,NYK,New York Knicks,1995_new-york-knicks.png,https://i.logocdn.com/nba/1995/new-york-knicks@3x.png
2000-01,ORL,Orlando Magic,2000_orlando-magic.png,https://i.logocdn.com/nba/2000/orlando-magic@3x.png
2000-01,PHI,Philadelphia 76ers,1997_philadelphia-76ers.png,https://i.logocdn.com/nba/1997/philadelphia-76ers@3x.png
2000-01,PHX,Phoenix Suns,2000_phoenix-suns.png,https://i.logocdn.com/nba/2000/phoenix-suns@3x.png
2000-01,POR,Portland Trail Blazers,1990_portland-trail-blazers.png,https://i.logocdn.com/nba/1990/portland-trail-blazers@3x.png
2000-01,SAC,Sacramento Kings,1994_sacramento-kings.png,https://i.logocdn.com/nba/1994/sacramento-kings@3x.png
2000-01,SAS,San Antonio Spurs,1989_san-antonio-spurs.png,https://i.logocdn.com/nba/1989/san-antonio-spurs@3x.png
2000-01,SEA,Seattle SuperSonics,1995_seattle-supersonics.png,https://i.logocdn.com/nba/1995/seattle-supersonics@3x.png
2000-01,TOR,Toronto Raptors,1995_toronto-raptors.png,https://i.logocdn.com/nba/1995/toronto-raptors@3x.png
2000-01,UTA,Utah Jazz,1996_utah-jazz.png,https://i.logocdn.com/nba/1996/utah-jazz@3x.png
2000-01,VAN,Vancouver Grizzlies,1995_vancouver-grizzlies.png,https://i.logocdn.com/nba/1995/vancouver-grizzlies@3x.png
2000-01,WAS,Washington Wizards,1997_washington-wizards.png,https://i.logocdn.com/nba/1997/washington-wizards@3x.png
2001-02,ATL,Atlanta Hawks,1995_atlanta-hawks.png,https://i.logocdn.com/nba/1995/atlanta-hawks@3x.png
2001-02,BOS,Boston Celtics,1996_boston-celtics.svg,https://i.logocdn.com/nba/1996/boston-celtics.svg
2001-02,CHH,Charlotte Hornets,1988_charlotte-hornets.png,https://i.logocdn.com/nba/1988/charlotte-hornets@3x.png
2001-02,CHI,Chicago Bulls,1966_chicago-bulls.svg,https://i.logocdn.com/nba/1966/chicago-bulls.svg
2001-02,CLE,Cleveland Cavaliers,1994_cleveland-cavaliers.png,https://i.logocdn.com/nba/1994/cleveland-cavaliers@3x.png
2001-02,DAL,Dallas Mavericks,2001_dallas-mavericks.png,https://i.logocdn.com/nba/2001/dallas-mavericks@3x.png
2001-02,DEN,Denver Nuggets,1993_denver-nuggets.png,https://i.logocdn.com/nba/1993/denver-nuggets@3x.png
2001-02,DET,Detroit Pistons,2001_detroit-pistons.png,https://i.logocdn.com/nba/2001/detroit-pistons@3x.png
2001-02,GSW,Golden State Warriors,1997_golden-state-warriors.png,https://i.logocdn.com/nba/1997/golden-state-warriors@3x.png
2001-02,HOU,Houston Rockets,1995_houston-rockets.png,https://i.logocdn.com/nba/1995/houston-rockets@3x.png
2001-02,IND,Indiana Pacers,1990_indiana-pacers.png,https://content.sportslogos.net/logos/6/224/full/indiana-pacers-logo-primary-1991-2451.png
2001-02,LAC,Los Angeles Clippers,1984_los-angeles-clippers.png,https://i.logocdn.com/nba/1984/los-angeles-clippers@3x.png
2001-02,LAL,Los Angeles Lakers,2001_los-angeles-lakers.png,https://i.logocdn.com/nba/2001/los-angeles-lakers@3x.png
2001-02,MEM,Memphis Grizzlies,2001_memphis-grizzlies.png,https://i.logocdn.com/nba/2001/memphis-grizzlies@3x.png
2001-02,MIA,Miami Heat,1999_miami-heat.svg,https://i.logocdn.com/nba/1999/miami-heat.svg
2001-02,MIL,Milwaukee Bucks,1993_milwaukee-bucks.png,https://i.logocdn.com/nba/1993/milwaukee-bucks@3x.png
2001-02,MIN,Minnesota Timberwolves,1996_minnesota-timberwolves.png,https://i.logocdn.com/nba/1996/minnesota-timberwolves@3x.png
2001-02,NJN,New Jersey Nets,1997_new-jersey-nets.png,https://i.logocdn.com/nba/1997/new-jersey-nets@3x.png
2001-02,NYK,New York Knicks,1995_new-york-knicks.png,https://i.logocdn.com/nba/1995/new-york-knicks@3x.png
2001-02,ORL,Orlando Magic,2000_orlando-magic.png,https://i.logocdn.com/nba/2000/orlando-magic@3x.png
2001-02,PHI,Philadelphia 76ers,1997_philadelphia-76ers.png,https://i.logocdn.com/nba/1997/philadelphia-76ers@3x.png
2001-02,PHX,Phoenix Suns,2000_phoenix-suns.png,https://i.logocdn.com/nba/2000/phoenix-suns@3x.png
2001-02,POR,Portland Trail Blazers,1990_portland-trail-blazers.png,https://i.logocdn.com/nba/1990/portland-trail-blazers@3x.png
2001-02,SAC,Sacramento Kings,1994_sacramento-kings.png,https://i.logocdn.com/nba/1994/sacramento-kings@3x.png
2001-02,SAS,San Antonio Spurs,1989_san-antonio-spurs.png,https://i.logocdn.com/nba/1989/san-antonio-spurs@3x.png
2001-02,SEA,Seattle SuperSonics,2001_seattle-supersonics.png,https://i.logocdn.com/nba/2001/seattle-supersonics@3x.png
2001-02,TOR,Toronto Raptors,1995_toronto-raptors.png,https://i.logocdn.com/nba/1995/toronto-raptors@3x.png
2001-02,UTA,Utah Jazz,1996_utah-jazz.png,https://i.logocdn.com/nba/1996/utah-jazz@3x.png
2001-02,WAS,Washington Wizards,1997_washington-wizards.png,https://i.logocdn.com/nba/1997/washington-wizards@3x.png
2002-03,ATL,Atlanta Hawks,1995_atlanta-hawks.png,https://i.logocdn.com/nba/1995/atlanta-hawks@3x.png
2002-03,BOS,Boston Celtics,1996_boston-celtics.svg,https://i.logocdn.com/nba/1996/boston-celtics.svg
2002-03,CHI,Chicago Bulls,1966_chicago-bulls.svg,https://i.logocdn.com/nba/1966/chicago-bulls.svg
2002-03,CLE,Cleveland Cavaliers,1994_cleveland-cavaliers.png,https://i.logocdn.com/nba/1994/cleveland-cavaliers@3x.png
2002-03,DAL,Dallas Mavericks,2001_dallas-mavericks.png,https://i.logocdn.com/nba/2001/dallas-mavericks@3x.png
2002-03,DEN,Denver Nuggets,1993_denver-nuggets.png,https://i.logocdn.com/nba/1993/denver-nuggets@3x.png
2002-03,DET,Detroit Pistons,2001_detroit-pistons.png,https://i.logocdn.com/nba/2001/detroit-pistons@3x.png
2002-03,GSW,Golden State Warriors,1997_golden-state-warriors.png,https://i.logocdn.com/nba/1997/golden-state-warriors@3x.png
2002-03,HOU,Houston Rockets,1995_houston-rockets.png,https://i.logocdn.com/nba/1995/houston-rockets@3x.png
2002-03,IND,Indiana Pacers,1990_indiana-pacers.png,https://content.sportslogos.net/logos/6/224/full/indiana-pacers-logo-primary-1991-2451.png
2002-03,LAC,Los Angeles Clippers,1984_los-angeles-clippers.png,https://i.logocdn.com/nba/1984/los-angeles-clippers@3x.png
2002-03,LAL,Los Angeles Lakers,2001_los-angeles-lakers.png,https://i.logocdn.com/nba/2001/los-angeles-lakers@3x.png
2002-03,MEM,Memphis Grizzlies,2001_memphis-grizzlies.png,https://i.logocdn.com/nba/2001/memphis-grizzlies@3x.png
2002-03,MIA,Miami Heat,1999_miami-heat.svg,https://i.logocdn.com/nba/1999/miami-heat.svg
2002-03,MIL,Milwaukee Bucks,1993_milwaukee-bucks.png,https://i.logocdn.com/nba/1993/milwaukee-bucks@3x.png
2002-03,MIN,Minnesota Timberwolves,1996_minnesota-timberwolves.png,https://i.logocdn.com/nba/1996/minnesota-timberwolves@3x.png
2002-03,NJN,New Jersey Nets,1997_new-jersey-nets.png,https://i.logocdn.com/nba/1997/new-jersey-nets@3x.png
2002-03,NOH,New Orleans Hornets,2002_new-orleans-hornets.png,https://i.logocdn.com/nba/2002/new-orleans-hornets@3x.png
2002-03,NYK,New York Knicks,1995_new-york-knicks.png,https://i.logocdn.com/nba/1995/new-york-knicks@3x.png
2002-03,ORL,Orlando Magic,2000_orlando-magic.png,https://i.logocdn.com/nba/2000/orlando-magic@3x.png
2002-03,PHI,Philadelphia 76ers,1997_philadelphia-76ers.png,https://i.logocdn.com/nba/1997/philadelphia-76ers@3x.png
2002-03,PHX,Phoenix Suns,2000_phoenix-suns.png,https://i.logocdn.com/nba/2000/phoenix-suns@3x.png
2002-03,POR,Portland Trail Blazers,2002_portland-trail-blazers.png,https://i.logocdn.com/nba/2002/portland-trail-blazers@3x.png
2002-03,SAC,Sacramento Kings,1994_sacramento-kings.png,https://i.logocdn.com/nba/1994/sacramento-kings@3x.png
2002-03,SAS,San Antonio Spurs,2002_san-antonio-spurs.png,https://i.logocdn.com/nba/2002/san-antonio-spurs@3x.png
2002-03,SEA,Seattle SuperSonics,2001_seattle-supersonics.png,https://i.logocdn.com/nba/2001/seattle-supersonics@3x.png
2002-03,TOR,Toronto Raptors,1995_toronto-raptors.png,https://i.logocdn.com/nba/1995/toronto-raptors@3x.png
2002-03,UTA,Utah Jazz,1996_utah-jazz.png,https://i.logocdn.com/nba/1996/utah-jazz@3x.png
2002-03,WAS,Washington Wizards,1997_washington-wizards.png,https://i.logocdn.com/nba/1997/washington-wizards@3x.png
2003-04,ATL,Atlanta Hawks,1995_atlanta-hawks.png,https://i.logocdn.com/nba/1995/atlanta-hawks@3x.png
2003-04,BOS,Boston Celtics,1996_boston-celtics.svg,https://i.logocdn.com/nba/1996/boston-celtics.svg
2003-04,CHI,Chicago Bulls,1966_chicago-bulls.svg,https://i.logocdn.com/nba/1966/chicago-bulls.svg
2003-04,CLE,Cleveland Cavaliers,2003_cleveland-cavaliers.png,https://i.logocdn.com/nba/2003/cleveland-cavaliers@3x.png
2003-04,DAL,Dallas Mavericks,2001_dallas-mavericks.png,https://i.logocdn.com/nba/2001/dallas-mavericks@3x.png
2003-04,DEN,Denver Nuggets,2003_denver-nuggets.png,https://i.logocdn.com/nba/2003/denver-nuggets@3x.png
2003-04,DET,Detroit Pistons,2001_detroit-pistons.png,https://i.logocdn.com/nba/2001/detroit-pistons@3x.png
2003-04,GSW,Golden State Warriors,1997_golden-state-warriors.png,https://i.logocdn.com/nba/1997/golden-state-warriors@3x.png
2003-04,HOU,Houston Rockets,2003_houston-rockets.png,https://i.logocdn.com/nba/2003/houston-rockets@3x.png
2003-04,IND,Indiana Pacers,1990_indiana-pacers.png,https://content.sportslogos.net/logos/6/224/full/indiana-pacers-logo-primary-1991-2451.png
2003-04,LAC,Los Angeles Clippers,1984_los-angeles-clippers.png,https://i.logocdn.com/nba/1984/los-angeles-clippers@3x.png
2003-04,LAL,Los Angeles Lakers,2001_los-angeles-lakers.png,https://i.logocdn.com/nba/2001/los-angeles-lakers@3x.png
2003-04,MEM,Memphis Grizzlies,2001_memphis-grizzlies.png,https://i.logocdn.com/nba/2001/memphis-grizzlies@3x.png
2003-04,MIA,Miami Heat,1999_miami-heat.svg,https://i.logocdn.com/nba/1999/miami-heat.svg
2003-04,MIL,Milwaukee Bucks,1993_milwaukee-bucks.png,https://i.logocdn.com/nba/1993/milwaukee-bucks@3x.png
2003-04,MIN,Minnesota Timberwolves,1996_minnesota-timberwolves.png,https://i.logocdn.com/nba/1996/minnesota-timberwolves@3x.png
2003-04,NJN,New Jersey Nets,1997_new-jersey-nets.png,https://i.logocdn.com/nba/1997/new-jersey-nets@3x.png
2003-04,NOH,New Orleans Hornets,2002_new-orleans-hornets.png,https://i.logocdn.com/nba/2002/new-orleans-hornets@3x.png
2003-04,NYK,New York Knicks,1995_new-york-knicks.png,https://i.logocdn.com/nba/1995/new-york-knicks@3x.png
2003-04,ORL,Orlando Magic,2000_orlando-magic.png,https://i.logocdn.com/nba/2000/orlando-magic@3x.png
2003-04,PHI,Philadelphia 76ers,1997_philadelphia-76ers.png,https://i.logocdn.com/nba/1997/philadelphia-76ers@3x.png
2003-04,PHX,Phoenix Suns,2000_phoenix-suns.png,https://i.logocdn.com/nba/2000/phoenix-suns@3x.png
2003-04,POR,Portland Trail Blazers,2003_portland-trail-blazers.png,https://i.logocdn.com/nba/2003/portland-trail-blazers@3x.png
2003-04,SAC,Sacramento Kings,1994_sacramento-kings.png,https://i.logocdn.com/nba/1994/sacramento-kings@3x.png
2003-04,SAS,San Antonio Spurs,2002_san-antonio-spurs.png,https://i.logocdn.com/nba/2002/san-antonio-spurs@3x.png
2003-04,SEA,Seattle SuperSonics,2001_seattle-supersonics.png,https://i.logocdn.com/nba/2001/seattle-supersonics@3x.png
2003-04,TOR,Toronto Raptors,1995_toronto-raptors.png,https://i.logocdn.com/nba/1995/toronto-raptors@3x.png
2003-04,UTA,Utah Jazz,1996_utah-jazz.png,https://i.logocdn.com/nba/1996/utah-jazz@3x.png
2003-04,WAS,Washington Wizards,1997_washington-wizards.png,https://i.logocdn.com/nba/1997/washington-wizards@3x.png
2004-05,ATL,Atlanta Hawks,1995_atlanta-hawks.png,https://i.logocdn.com/nba/1995/atlanta-hawks@3x.png
2004-05,BOS,Boston Celtics,1996_boston-celtics.svg,https://i.logocdn.com/nba/1996/boston-celtics.svg
2004-05,CHA,Charlotte Bobcats,2004_charlotte-bobcats.png,https://i.logocdn.com/nba/2004/charlotte-bobcats@3x.png
2004-05,CHI,Chicago Bulls,1966_chicago-bulls.svg,https://i.logocdn.com/nba/1966/chicago-bulls.svg
2004-05,CLE,Cleveland Cavaliers,2003_cleveland-cavaliers.png,https://i.logocdn.com/nba/2003/cleveland-cavaliers@3x.png
2004-05,DAL,Dallas Mavericks,2001_dallas-mavericks.png,https://i.logocdn.com/nba/2001/dallas-mavericks@3x.png
2004-05,DEN,Denver Nuggets,2003_denver-nuggets.png,https://i.logocdn.com/nba/2003/denver-nuggets@3x.png
2004-05,DET,Detroit Pistons,2001_detroit-pistons.png,https://i.logocdn.com/nba/2001/detroit-pistons@3x.png
2004-05,GSW,Golden State Warriors,1997_golden-state-warriors.png,https://i.logocdn.com/nba/1997/golden-state-warriors@3x.png
2004-05,HOU,Houston Rockets,2003_houston-rockets.png,https://i.logocdn.com/nba/2003/houston-rockets@3x.png
2004-05,IND,Indiana Pacers,1990_indiana-pacers.png,https://content.sportslogos.net/logos/6/224/full/indiana-pacers-logo-primary-1991-2451.png
2004-05,LAC,Los Angeles Clippers,1984_los-angeles-clippers.png,https://i.logocdn.com/nba/1984/los-angeles-clippers@3x.png
2004-05,LAL,Los Angeles Lakers,2001_los-angeles-lakers.png,https://i.logocdn.com/nba/2001/los-angeles-lakers@3x.png
2004-05,MEM,Memphis Grizzlies,2004_memphis-grizzlies.png,https://i.logocdn.com/nba/2004/memphis-grizzlies@3x.png
2004-05,MIA,Miami Heat,1999_miami-heat.svg,https://i.logocdn.com/nba/1999/miami-heat.svg
2004-05,MIL,Milwaukee Bucks,1993_milwaukee-bucks.png,https://i.logocdn.com/nba/1993/milwaukee-bucks@3x.png
2004-05,MIN,Minnesota Timberwolves,1996_minnesota-timberwolves.png,https://i.logocdn.com/nba/1996/minnesota-timberwolves@3x.png
2004-05,NJN,New Jersey Nets,1997_new-jersey-nets.png,https://i.logocdn.com/nba/1997/new-jersey-nets@3x.png
2004-05,NOH,New Orleans Hornets,2002_new-orleans-hornets.png,https://i.logocdn.com/nba/2002/new-orleans-hornets@3x.png
2004-05,NYK,New York Knicks,1995_new-york-knicks.png,https://i.logocdn.com/nba/1995/new-york-knicks@3x.png
2004-05,ORL,Orlando Magic,2000_orlando-magic.png,https://i.logocdn.com/nba/2000/orlando-magic@3x.png
2004-05,PHI,Philadelphia 76ers,1997_philadelphia-76ers.png,https://i.logocdn.com/nba/1997/philadelphia-76ers@3x.png
2004-05,PHX,Phoenix Suns,2000_phoenix-suns.png,https://i.logocdn.com/nba/2000/phoenix-suns@3x.png
2004-05,POR,Portland Trail Blazers,2004_portland-trail-blazers.png,https://i.logocdn.com/nba/2004/portland-trail-blazers@3x.png
2004-05,SAC,Sacramento Kings,1994_sacramento-kings.png,https://i.logocdn.com/nba/1994/sacramento-kings@3x.png
2004-05,SAS,San Antonio Spurs,2002_san-antonio-spurs.png,https://i.logocdn.com/nba/2002/san-antonio-spurs@3x.png
2004-05,SEA,Seattle SuperSonics,2001_seattle-supersonics.png,https://i.logocdn.com/nba/2001/seattle-supersonics@3x.png
2004-05,TOR,Toronto Raptors,1995_toronto-raptors.png,https://i.logocdn.com/nba/1995/toronto-raptors@3x.png
2004-05,UTA,Utah Jazz,2004_utah-jazz.png,https://i.logocdn.com/nba/2004/utah-jazz@3x.png
2004-05,WAS,Washington Wizards,1997_washington-wizards.png,https://i.logocdn.com/nba/1997/washington-wizards@3x.png
2005-06,ATL,Atlanta Hawks,1995_atlanta-hawks.png,https://i.logocdn.com/nba/1995/atlanta-hawks@3x.png
2005-06,BOS,Boston Celtics,1996_boston-celtics.svg,https://i.logocdn.com/nba/1996/boston-celtics.svg
2005-06,CHA,Charlotte Bobcats,2004_charlotte-bobcats.png,https://i.logocdn.com/nba/2004/charlotte-bobcats@3x.png
2005-06,CHI,Chicago Bulls,1966_chicago-bulls.svg,https://i.logocdn.com/nba/1966/chicago-bulls.svg
2005-06,CLE,Cleveland Cavaliers,2003_cleveland-cavaliers.png,https://i.logocdn.com/nba/2003/cleveland-cavaliers@3x.png
2005-06,DAL,Dallas Mavericks,2001_dallas-mavericks.png,https://i.logocdn.com/nba/2001/dallas-mavericks@3x.png
2005-06,DEN,Denver Nuggets,2003_denver-nuggets.png,https://i.logocdn.com/nba/2003/denver-nuggets@3x.png
2005-06,DET,Detroit Pistons,2005_detroit-pistons.png,https://i.logocdn.com/nba/2005/detroit-pistons@3x.png
2005-06,GSW,Golden State Warriors,1997_golden-state-warriors.png,https://i.logocdn.com/nba/1997/golden-state-warriors@3x.png
2005-06,HOU,Houston Rockets,2003_houston-rockets.png,https://i.logocdn.com/nba/2003/houston-rockets@3x.png
2005-06,IND,Indiana Pacers,2005_indiana-pacers.png,https://i.logocdn.com/nba/2005/indiana-pacers@3x.png
2005-06,LAC,Los Angeles Clippers,1984_los-angeles-clippers.png,https://i.logocdn.com/nba/1984/los-angeles-clippers@3x.png
2005-06,LAL,Los Angeles Lakers,2001_los-angeles-lakers.png,https://i.logocdn.com/nba/2001/los-angeles-lakers@3x.png
2005-06,MEM,Memphis Grizzlies,2004_memphis-grizzlies.png,https://i.logocdn.com/nba/2004/memphis-grizzlies@3x.png
2005-06,MIA,Miami Heat,1999_miami-heat.svg,https://i.logocdn.com/nba/1999/miami-heat.svg
2005-06,MIL,Milwaukee Bucks,1993_milwaukee-bucks.png,https://i.logocdn.com/nba/1993/milwaukee-bucks@3x.png
2005-06,MIN,Minnesota Timberwolves,1996_minnesota-timberwolves.png,https://i.logocdn.com/nba/1996/minnesota-timberwolves@3x.png
2005-06,NJN,New Jersey Nets,1997_new-jersey-nets.png,https://i.logocdn.com/nba/1997/new-jersey-nets@3x.png
2005-06,NOK,New Orleans/Oklahoma City Hornets,2005_new-orleans-oklahoma-city-hornets.png,https://i.logocdn.com/nba/2005/new-orleans-oklahoma-city-hornets@3x.png
2005-06,NYK,New York Knicks,1995_new-york-knicks.png,https://i.logocdn.com/nba/1995/new-york-knicks@3x.png
2005-06,ORL,Orlando Magic,2000_orlando-magic.png,https://i.logocdn.com/nba/2000/orlando-magic@3x.png
2005-06,PHI,Philadelphia 76ers,1997_philadelphia-76ers.png,https://i.logocdn.com/nba/1997/philadelphia-76ers@3x.png
2005-06,PHX,Phoenix Suns,2000_phoenix-suns.png,https://i.logocdn.com/nba/2000/phoenix-suns@3x.png
2005-06,POR,Portland Trail Blazers,2004_portland-trail-blazers.png,https://i.logocdn.com/nba/2004/portland-trail-blazers@3x.png
2005-06,SAC,Sacramento Kings,1994_sacramento-kings.png,https://i.logocdn.com/nba/1994/sacramento-kings@3x.png
2005-06,SAS,San Antonio Spurs,2002_san-antonio-spurs.png,https://i.logocdn.com/nba/2002/san-antonio-spurs@3x.png
2005-06,SEA,Seattle SuperSonics,2001_seattle-supersonics.png,https://i.logocdn.com/nba/2001/seattle-supersonics@3x.png
2005-06,TOR,Toronto Raptors,1995_toronto-raptors.png,https://i.logocdn.com/nba/1995/toronto-raptors@3x.png
2005-06,UTA,Utah Jazz,2004_utah-jazz.png,https://i.logocdn.com/nba/2004/utah-jazz@3x.png
2005-06,WAS,Washington Wizards,1997_washington-wizards.png,https://i.logocdn.com/nba/1997/washington-wizards@3x.png
2006-07,ATL,Atlanta Hawks,1995_atlanta-hawks.png,https://i.logocdn.com/nba/1995/atlanta-hawks@3x.png
2006-07,BOS,Boston Celtics,1996_boston-celtics.svg,https://i.logocdn.com/nba/1996/boston-celtics.svg
2006-07,CHA,Charlotte Bobcats,2004_charlotte-bobcats.png,https://i.logocdn.com/nba/2004/charlotte-bobcats@3x.png
2006-07,CHI,Chicago Bulls,1966_chicago-bulls.svg,https://i.logocdn.com/nba/1966/chicago-bulls.svg
2006-07,CLE,Cleveland Cavaliers,2003_cleveland-cavaliers.png,https://i.logocdn.com/nba/2003/cleveland-cavaliers@3x.png
2006-07,DAL,Dallas Mavericks,2001_dallas-mavericks.png,https://i.logocdn.com/nba/2001/dallas-mavericks@3x.png
2006-07,DEN,Denver Nuggets,2003_denver-nuggets.png,https://i.logocdn.com/nba/2003/denver-nuggets@3x.png
2006-07,DET,Detroit Pistons,2005_detroit-pistons.png,https://i.logocdn.com/nba/2005/detroit-pistons@3x.png
2006-07,GSW,Golden State Warriors,1997_golden-state-warriors.png,https://i.logocdn.com/nba/1997/golden-state-warriors@3x.png
2006-07,HOU,Houston Rockets,2003_houston-rockets.png,https://i.logocdn.com/nba/2003/houston-rockets@3x.png
2006-07,IND,Indiana Pacers,2005_indiana-pacers.png,https://i.logocdn.com/nba/2005/indiana-pacers@3x.png
2006-07,LAC,Los Angeles Clippers,1984_los-angeles-clippers.png,https://i.logocdn.com/nba/1984/los-angeles-clippers@3x.png
2006-07,LAL,Los Angeles Lakers,2001_los-angeles-lakers.png,https://i.logocdn.com/nba/2001/los-angeles-lakers@3x.png
2006-07,MEM,Memphis Grizzlies,2004_memphis-grizzlies.png,https://i.logocdn.com/nba/2004/memphis-grizzlies@3x.png
2006-07,MIA,Miami Heat,1999_miami-heat.svg,https://i.logocdn.com/nba/1999/miami-heat.svg
2006-07,MIL,Milwaukee Bucks,2006_milwaukee-bucks.png,https://i.logocdn.com/nba/2006/milwaukee-bucks@3x.png
2006-07,MIN,Minnesota Timberwolves,1996_minnesota-timberwolves.png,https://i.logocdn.com/nba/1996/minnesota-timberwolves@3x.png
2006-07,NJN,New Jersey Nets,1997_new-jersey-nets.png,https://i.logocdn.com/nba/1997/new-jersey-nets@3x.png
2006-07,NOK,New Orleans/Oklahoma City Hornets,2005_new-orleans-oklahoma-city-hornets.png,https://i.logocdn.com/nba/2005/new-orleans-oklahoma-city-hornets@3x.png
2006-07,NYK,New York Knicks,1995_new-york-knicks.png,https://i.logocdn.com/nba/1995/new-york-knicks@3x.png
2006-07,ORL,Orlando Magic,2000_orlando-magic.png,https://i.logocdn.com/nba/2000/orlando-magic@3x.png
2006-07,PHI,Philadelphia 76ers,1997_philadelphia-76ers.png,https://i.logocdn.com/nba/1997/philadelphia-76ers@3x.png
2006-07,PHX,Phoenix Suns,2000_phoenix-suns.png,https://i.logocdn.com/nba/2000/phoenix-suns@3x.png
2006-07,POR,Portland Trail Blazers,2004_portland-trail-blazers.png,https://i.logocdn.com/nba/2004/portland-trail-blazers@3x.png
2006-07,SAC,Sacramento Kings,1994_sacramento-kings.png,https://i.logocdn.com/nba/1994/sacramento-kings@3x.png
2006-07,SAS,San Antonio Spurs,2002_san-antonio-spurs.png,https://i.logocdn.com/nba/2002/san-antonio-spurs@3x.png
2006-07,SEA,Seattle SuperSonics,2001_seattle-supersonics.png,https://i.logocdn.com/nba/2001/seattle-supersonics@3x.png
2006-07,TOR,Toronto Raptors,1995_toronto-raptors.png,https://i.logocdn.com/nba/1995/toronto-raptors@3x.png
2006-07,UTA,Utah Jazz,2004_utah-jazz.png,https://i.logocdn.com/nba/2004/utah-jazz@3x.png
2006-07,WAS,Washington Wizards,1997_washington-wizards.png,https://i.logocdn.com/nba/1997/washington-wizards@3x.png
2007-08,ATL,Atlanta Hawks,2007_atlanta-hawks.png,https://i.logocdn.com/nba/2007/atlanta-hawks@3x.png
2007-08,BOS,Boston Celtics,1996_boston-celtics.svg,https://i.logocdn.com/nba/1996/boston-celtics.svg
2007-08,CHA,Charlotte Bobcats,2007_charlotte-bobcats.png,https://i.logocdn.com/nba/2007/charlotte-bobcats@3x.png
2007-08,CHI,Chicago Bulls,1966_chicago-bulls.svg,https://i.logocdn.com/nba/1966/chicago-bulls.svg
2007-08,CLE,Cleveland Cavaliers,2003_cleveland-cavaliers.png,https://i.logocdn.com/nba/2003/cleveland-cavaliers@3x.png
2007-08,DAL,Dallas Mavericks,2001_dallas-mavericks.png,https://i.logocdn.com/nba/2001/dallas-mavericks@3x.png
2007-08,DEN,Denver Nuggets,2003_denver-nuggets.png,https://i.logocdn.com/nba/2003/denver-nuggets@3x.png
2007-08,DET,Detroit Pistons,2005_detroit-pistons.png,https://i.logocdn.com/nba/2005/detroit-pistons@3x.png
2007-08,GSW,Golden State Warriors,1997_golden-state-warriors.png,https://i.logocdn.com/nba/1997/golden-state-warriors@3x.png
2007-08,HOU,Houston Rockets,2003_houston-rockets.png,https://i.logocdn.com/nba/2003/houston-rockets@3x.png
2007-08,IND,Indiana Pacers,2005_indiana-pacers.png,https://i.logocdn.com/nba/2005/indiana-pacers@3x.png
2007-08,LAC,Los Angeles Clippers,1984_los-angeles-clippers.png,https://i.logocdn.com/nba/1984/los-angeles-clippers@3x.png
2007-08,LAL,Los Angeles Lakers,2001_los-angeles-lakers.png,https://i.logocdn.com/nba/2001/los-angeles-lakers@3x.png
2007-08,MEM,Memphis Grizzlies,2004_memphis-grizzlies.png,https://i.logocdn.com/nba/2004/memphis-grizzlies@3x.png
2007-08,MIA,Miami Heat,1999_miami-heat.svg,https://i.logocdn.com/nba/1999/miami-heat.svg
2007-08,MIL,Milwaukee Bucks,2006_milwaukee-bucks.png,https://i.logocdn.com/nba/2006/milwaukee-bucks@3x.png
2007-08,MIN,Minnesota Timberwolves,1996_minnesota-timberwolves.png,https://i.logocdn.com/nba/1996/minnesota-timberwolves@3x.png
2007-08,NJN,New Jersey Nets,1997_new-jersey-nets.png,https://i.logocdn.com/nba/1997/new-jersey-nets@3x.png
2007-08,NOH,New Orleans Hornets,2007_new-orleans-hornets.png,https://i.logocdn.com/nba/2007/new-orleans-hornets@3x.png
2007-08,NYK,New York Knicks,1995_new-york-knicks.png,https://i.logocdn.com/nba/1995/new-york-knicks@3x.png
2007-08,ORL,Orlando Magic,2000_orlando-magic.png,https://i.logocdn.com/nba/2000/orlando-magic@3x.png
2007-08,PHI,Philadelphia 76ers,1997_philadelphia-76ers.png,https://i.logocdn.com/nba/1997/philadelphia-76ers@3x.png
2007-08,PHX,Phoenix Suns,2000_phoenix-suns.png,https://i.logocdn.com/nba/2000/phoenix-suns@3x.png
2007-08,POR,Portland Trail Blazers,2004_portland-trail-blazers.png,https://i.logocdn.com/nba/2004/portland-trail-blazers@3x.png
2007-08,SAC,Sacramento Kings,1994_sacramento-kings.png,https://i.logocdn.com/nba/1994/sacramento-kings@3x.png
2007-08,SAS,San Antonio Spurs,2002_san-antonio-spurs.png,https://i.logocdn.com/nba/2002/san-antonio-spurs@3x.png
2007-08,SEA,Seattle SuperSonics,2001_seattle-supersonics.png,https://i.logocdn.com/nba/2001/seattle-supersonics@3x.png
2007-08,TOR,Toronto Raptors,1995_toronto-raptors.png,https://i.logocdn.com/nba/1995/toronto-raptors@3x.png
2007-08,UTA,Utah Jazz,2004_utah-jazz.png,https://i.logocdn.com/nba/2004/utah-jazz@3x.png
2007-08,WAS,Washington Wizards,2007_washington-wizards.png,https://i.logocdn.com/nba/2007/washington-wizards@3x.png
2008-09,ATL,Atlanta Hawks,2007_atlanta-hawks.png,https://i.logocdn.com/nba/2007/atlanta-hawks@3x.png
2008-09,BOS,Boston Celtics,1996_boston-celtics.svg,https://i.logocdn.com/nba/1996/boston-celtics.svg
2008-09,CHA,Charlotte Bobcats,2007_charlotte-bobcats.png,https://i.logocdn.com/nba/2007/charlotte-bobcats@3x.png
2008-09,CHI,Chicago Bulls,1966_chicago-bulls.svg,https://i.logocdn.com/nba/1966/chicago-bulls.svg
2008-09,CLE,Cleveland Cavaliers,2003_cleveland-cavaliers.png,https://i.logocdn.com/nba/2003/cleveland-cavaliers@3x.png
2008-09,DAL,Dallas Mavericks,2001_dallas-mavericks.png,https://i.logocdn.com/nba/2001/dallas-mavericks@3x.png
2008-09,DEN,Denver Nuggets,2008_denver-nuggets.png,https://i.logocdn.com/nba/2008/denver-nuggets@3x.png
2008-09,DET,Detroit Pistons,2005_detroit-pistons.png,https://i.logocdn.com/nba/2005/detroit-pistons@3x.png
2008-09,GSW,Golden State Warriors,1997_golden-state-warriors.png,https://i.logocdn.com/nba/1997/golden-state-warriors@3x.png
2008-09,HOU,Houston Rockets,2003_houston-rockets.png,https://i.logocdn.com/nba/2003/houston-rockets@3x.png
2008-09,IND,Indiana Pacers,2005_indiana-pacers.png,https://i.logocdn.com/nba/2005/indiana-pacers@3x.png
2008-09,LAC,Los Angeles Clippers,1984_los-angeles-clippers.png,https://i.logocdn.com/nba/1984/los-angeles-clippers@3x.png
2008-09,LAL,Los Angeles Lakers,2001_los-angeles-lakers.png,https://i.logocdn.com/nba/2001/los-angeles-lakers@3x.png
2008-09,MEM,Memphis Grizzlies,2004_memphis-grizzlies.png,https://i.logocdn.com/nba/2004/memphis-grizzlies@3x.png
2008-09,MIA,Miami Heat,1999_miami-heat.svg,https://i.logocdn.com/nba/1999/miami-heat.svg
2008-09,MIL,Milwaukee Bucks,2006_milwaukee-bucks.png,https://i.logocdn.com/nba/2006/milwaukee-bucks@3x.png
2008-09,MIN,Minnesota Timberwolves,2008_minnesota-timberwolves.png,https://i.logocdn.com/nba/2008/minnesota-timberwolves@3x.png
2008-09,NJN,New Jersey Nets,1997_new-jersey-nets.png,https://i.logocdn.com/nba/1997/new-jersey-nets@3x.png
2008-09,NOH,New Orleans Hornets,2008_new-orleans-hornets.png,https://i.logocdn.com/nba/2008/new-orleans-hornets@3x.png
2008-09,NYK,New York Knicks,1995_new-york-knicks.png,https://i.logocdn.com/nba/1995/new-york-knicks@3x.png
2008-09,OKC,Oklahoma City Thunder,2008_oklahoma-city-thunder.svg,https://i.logocdn.com/nba/current/oklahoma-city-thunder.svg
2008-09,ORL,Orlando Magic,2000_orlando-magic.png,https://i.logocdn.com/nba/2000/orlando-magic@3x.png
2008-09,PHI,Philadelphia 76ers,1997_philadelphia-76ers.png,https://i.logocdn.com/nba/1997/philadelphia-76ers@3x.png
2008-09,PHX,Phoenix Suns,2000_phoenix-suns.png,https://i.logocdn.com/nba/2000/phoenix-suns@3x.png
2008-09,POR,Portland Trail Blazers,2004_portland-trail-blazers.png,https://i.logocdn.com/nba/2004/portland-trail-blazers@3x.png
2008-09,SAC,Sacramento Kings,1994_sacramento-kings.png,https://i.logocdn.com/nba/1994/sacramento-kings@3x.png
2008-09,SAS,San Antonio Spurs,2002_san-antonio-spurs.png,https://i.logocdn.com/nba/2002/san-antonio-spurs@3x.png
2008-09,TOR,Toronto Raptors,2008_toronto-raptors.png,https://i.logocdn.com/nba/2008/toronto-raptors@3x.png
2008-09,UTA,Utah Jazz,2004_utah-jazz.png,https://i.logocdn.com/nba/2004/utah-jazz@3x.png
2008-09,WAS,Washington Wizards,2007_washington-wizards.png,https://i.logocdn.com/nba/2007/washington-wizards@3x.png
2009-10,ATL,Atlanta Hawks,2007_atlanta-hawks.png,https://i.logocdn.com/nba/2007/atlanta-hawks@3x.png
2009-10,BOS,Boston Celtics,1996_boston-celtics.svg,https://i.logocdn.com/nba/1996/boston-celtics.svg
2009-10,CHA,Charlotte Bobcats,2007_charlotte-bobcats.png,https://i.logocdn.com/nba/2007/charlotte-bobcats@3x.png
2009-10,CHI,Chicago Bulls,1966_chicago-bulls.svg,https://i.logocdn.com/nba/1966/chicago-bulls.svg
2009-10,CLE,Cleveland Cavaliers,2003_cleveland-cavaliers.png,https://i.logocdn.com/nba/2003/cleveland-cavaliers@3x.png
2009-10,DAL,Dallas Mavericks,2001_dallas-mavericks.png,https://i.logocdn.com/nba/2001/dallas-mavericks@3x.png
2009-10,DEN,Denver Nuggets,2008_denver-nuggets.png,https://i.logocdn.com/nba/2008/denver-nuggets@3x.png
2009-10,DET,Detroit Pistons,2005_detroit-pistons.png,https://i.logocdn.com/nba/2005/detroit-pistons@3x.png
2009-10,GSW,Golden State Warriors,1997_golden-state-warriors.png,https://i.logocdn.com/nba/1997/golden-state-warriors@3x.png
2009-10,HOU,Houston Rockets,2003_houston-rockets.png,https://i.logocdn.com/nba/2003/houston-rockets@3x.png
2009-10,IND,Indiana Pacers,2005_indiana-pacers.png,https://i.logocdn.com/nba/2005/indiana-pacers@3x.png
2009-10,LAC,Los Angeles Clippers,1984_los-angeles-clippers.png,https://i.logocdn.com/nba/1984/los-angeles-clippers@3x.png
2009-10,LAL,Los Angeles Lakers,2001_los-angeles-lakers.png,https://i.logocdn.com/nba/2001/los-angeles-lakers@3x.png
2009-10,MEM,Memphis Grizzlies,2004_memphis-grizzlies.png,https://i.logocdn.com/nba/2004/memphis-grizzlies@3x.png
2009-10,MIA,Miami Heat,1999_miami-heat.svg,https://i.logocdn.com/nba/1999/miami-heat.svg
2009-10,MIL,Milwaukee Bucks,2006_milwaukee-bucks.png,https://i.logocdn.com/nba/2006/milwaukee-bucks@3x.png
2009-10,MIN,Minnesota Timberwolves,2008_minnesota-timberwolves.png,https://i.logocdn.com/nba/2008/minnesota-timberwolves@3x.png
2009-10,NJN,New Jersey Nets,1997_new-jersey-nets.png,https://i.logocdn.com/nba/1997/new-jersey-nets@3x.png
2009-10,NOH,New Orleans Hornets,2008_new-orleans-hornets.png,https://i.logocdn.com/nba/2008/new-orleans-hornets@3x.png
2009-10,NYK,New York Knicks,1995_new-york-knicks.png,https://i.logocdn.com/nba/1995/new-york-knicks@3x.png
2009-10,OKC,Oklahoma City Thunder,2008_oklahoma-city-thunder.svg,https://i.logocdn.com/nba/current/oklahoma-city-thunder.svg
2009-10,ORL,Orlando Magic,2000_orlando-magic.png,https://i.logocdn.com/nba/2000/orlando-magic@3x.png
2009-10,PHI,Philadelphia 76ers,2009_philadelphia-76ers.png,https://i.logocdn.com/nba/2009/philadelphia-76ers@3x.png
2009-10,PHX,Phoenix Suns,2000_phoenix-suns.png,https://i.logocdn.com/nba/2000/phoenix-suns@3x.png
2009-10,POR,Portland Trail Blazers,2004_portland-trail-blazers.png,https://i.logocdn.com/nba/2004/portland-trail-blazers@3x.png
2009-10,SAC,Sacramento Kings,1994_sacramento-kings.png,https://i.logocdn.com/nba/1994/sacramento-kings@3x.png
2009-10,SAS,San Antonio Spurs,2002_san-antonio-spurs.png,https://i.logocdn.com/nba/2002/san-antonio-spurs@3x.png
2009-10,TOR,Toronto Raptors,2008_toronto-raptors.png,https://i.logocdn.com/nba/2008/toronto-raptors@3x.png
2009-10,UTA,Utah Jazz,2004_utah-jazz.png,https://i.logocdn.com/nba/2004/utah-jazz@3x.png
2009-10,WAS,Washington Wizards,2007_washington-wizards.png,https://i.logocdn.com/nba/2007/washington-wizards@3x.png
2010-11,ATL,Atlanta Hawks,2007_atlanta-hawks.png,https://i.logocdn.com/nba/2007/atlanta-hawks@3x.png
2010-11,BOS,Boston Celtics,1996_boston-celtics.svg,https://i.logocdn.com/nba/1996/boston-celtics.svg
2010-11,CHA,Charlotte Bobcats,2007_charlotte-bobcats.png,https://i.logocdn.com/nba/2007/charlotte-bobcats@3x.png
2010-11,CHI,Chicago Bulls,1966_chicago-bulls.svg,https://i.logocdn.com/nba/1966/chicago-bulls.svg
2010-11,CLE,Cleveland Cavaliers,2010_cleveland-cavaliers.png,https://i.logocdn.com/nba/2010/cleveland-cavaliers@3x.png
2010-11,DAL,Dallas Mavericks,2001_dallas-mavericks.png,https://i.logocdn.com/nba/2001/dallas-mavericks@3x.png
2010-11,DEN,Denver Nuggets,2008_denver-nuggets.png,https://i.logocdn.com/nba/2008/denver-nuggets@3x.png
2010-11,DET,Detroit Pistons,2005_detroit-pistons.png,https://i.logocdn.com/nba/2005/detroit-pistons@3x.png
2010-11,GSW,Golden State Warriors,2010_golden-state-warriors.png,https://i.logocdn.com/nba/2010/golden-state-warriors@3x.png
2010-11,HOU,Houston Rockets,2003_houston-rockets.png,https://i.logocdn.com/nba/2003/houston-rockets@3x.png
2010-11,IND,Indiana Pacers,2005_indiana-pacers.png,https://i.logocdn.com/nba/2005/indiana-pacers@3x.png
2010-11,LAC,Los Angeles Clippers,2010_los-angeles-clippers.png,https://i.logocdn.com/nba/2010/los-angeles-clippers@3x.png
2010-11,LAL,Los Angeles Lakers,2001_los-angeles-lakers.png,https://i.logocdn.com/nba/2001/los-angeles-lakers@3x.png
2010-11,MEM,Memphis Grizzlies,2004_memphis-grizzlies.png,https://i.logocdn.com/nba/2004/memphis-grizzlies@3x.png
2010-11,MIA,Miami Heat,1999_miami-heat.svg,https://i.logocdn.com/nba/1999/miami-heat.svg
2010-11,MIL,Milwaukee Bucks,2006_milwaukee-bucks.png,https://i.logocdn.com/nba/2006/milwaukee-bucks@3x.png
2010-11,MIN,Minnesota Timberwolves,2008_minnesota-timberwolves.png,https://i.logocdn.com/nba/2008/minnesota-timberwolves@3x.png
2010-11,NJN,New Jersey Nets,1997_new-jersey-nets.png,https://i.logocdn.com/nba/1997/new-jersey-nets@3x.png
2010-11,NOH,New Orleans Hornets,2008_new-orleans-hornets.png,https://i.logocdn.com/nba/2008/new-orleans-hornets@3x.png
2010-11,NYK,New York Knicks,1995_new-york-knicks.png,https://i.logocdn.com/nba/1995/new-york-knicks@3x.png
2010-11,OKC,Oklahoma City Thunder,2008_oklahoma-city-thunder.svg,https://i.logocdn.com/nba/current/oklahoma-city-thunder.svg
2010-11,ORL,Orlando Magic,2010_orlando-magic.png,https://i.logocdn.com/nba/2010/orlando-magic@3x.png
2010-11,PHI,Philadelphia 76ers,2009_philadelphia-76ers.png,https://i.logocdn.com/nba/2009/philadelphia-76ers@3x.png
2010-11,PHX,Phoenix Suns,2000_phoenix-suns.png,https://i.logocdn.com/nba/2000/phoenix-suns@3x.png
2010-11,POR,Portland Trail Blazers,2004_portland-trail-blazers.png,https://i.logocdn.com/nba/2004/portland-trail-blazers@3x.png
2010-11,SAC,Sacramento Kings,1994_sacramento-kings.png,https://i.logocdn.com/nba/1994/sacramento-kings@3x.png
2010-11,SAS,San Antonio Spurs,2002_san-antonio-spurs.png,https://i.logocdn.com/nba/2002/san-antonio-spurs@3x.png
2010-11,TOR,Toronto Raptors,2008_toronto-raptors.png,https://i.logocdn.com/nba/2008/toronto-raptors@3x.png
2010-11,UTA,Utah Jazz,2010_utah-jazz.png,https://i.logocdn.com/nba/2010/utah-jazz@3x.png
2010-11,WAS,Washington Wizards,2007_washington-wizards.png,https://i.logocdn.com/nba/2007/washington-wizards@3x.png
2011-12,ATL,Atlanta Hawks,2007_atlanta-hawks.png,https://i.logocdn.com/nba/2007/atlanta-hawks@3x.png
2011-12,BOS,Boston Celtics,1996_boston-celtics.svg,https://i.logocdn.com/nba/1996/boston-celtics.svg
2011-12,CHA,Charlotte Bobcats,2007_charlotte-bobcats.png,https://i.logocdn.com/nba/2007/charlotte-bobcats@3x.png
2011-12,CHI,Chicago Bulls,1966_chicago-bulls.svg,https://i.logocdn.com/nba/1966/chicago-bulls.svg
2011-12,CLE,Cleveland Cavaliers,2010_cleveland-cavaliers.png,https://i.logocdn.com/nba/2010/cleveland-cavaliers@3x.png
2011-12,DAL,Dallas Mavericks,2001_dallas-mavericks.png,https://i.logocdn.com/nba/2001/dallas-mavericks@3x.png
2011-12,DEN,Denver Nuggets,2008_denver-nuggets.png,https://i.logocdn.com/nba/2008/denver-nuggets@3x.png
2011-12,DET,Detroit Pistons,2005_detroit-pistons.png,https://i.logocdn.com/nba/2005/detroit-pistons@3x.png
2011-12,GSW,Golden State Warriors,2010_golden-state-warriors.png,https://i.logocdn.com/nba/2010/golden-state-warriors@3x.png
2011-12,HOU,Houston Rockets,2003_houston-rockets.png,https://i.logocdn.com/nba/2003/houston-rockets@3x.png
2011-12,IND,Indiana Pacers,2005_indiana-pacers.png,https://i.logocdn.com/nba/2005/indiana-pacers@3x.png
2011-12,LAC,Los Angeles Clippers,2010_los-angeles-clippers.png,https://i.logocdn.com/nba/2010/los-angeles-clippers@3x.png
2011-12,LAL,Los Angeles Lakers,2001_los-angeles-lakers.png,https://i.logocdn.com/nba/2001/los-angeles-lakers@3x.png
2011-12,MEM,Memphis Grizzlies,2004_memphis-grizzlies.png,https://i.logocdn.com/nba/2004/memphis-grizzlies@3x.png
2011-12,MIA,Miami Heat,1999_miami-heat.svg,https://i.logocdn.com/nba/1999/miami-heat.svg
2011-12,MIL,Milwaukee Bucks,2006_milwaukee-bucks.png,https://i.logocdn.com/nba/2006/milwaukee-bucks@3x.png
2011-12,MIN,Minnesota Timberwolves,2008_minnesota-timberwolves.png,https://i.logocdn.com/nba/2008/minnesota-timberwolves@3x.png
2011-12,NJN,New Jersey Nets,1997_new-jersey-nets.png,https://i.logocdn.com/nba/1997/new-jersey-nets@3x.png
2011-12,NOH,New Orleans Hornets,2008_new-orleans-hornets.png,https://i.logocdn.com/nba/2008/new-orleans-hornets@3x.png
2011-12,NYK,New York Knicks,2011_new-york-knicks.png,https://i.logocdn.com/nba/2011/new-york-knicks@3x.png
2011-12,OKC,Oklahoma City Thunder,2008_oklahoma-city-thunder.svg,https://i.logocdn.com/nba/current/oklahoma-city-thunder.svg
2011-12,ORL,Orlando Magic,2010_orlando-magic.png,https://i.logocdn.com/nba/2010/orlando-magic@3x.png
2011-12,PHI,Philadelphia 76ers,2009_philadelphia-76ers.png,https://i.logocdn.com/nba/2009/philadelphia-76ers@3x.png
2011-12,PHX,Phoenix Suns,2000_phoenix-suns.png,https://i.logocdn.com/nba/2000/phoenix-suns@3x.png
2011-12,POR,Portland Trail Blazers,2004_portland-trail-blazers.png,https://i.logocdn.com/nba/2004/portland-trail-blazers@3x.png
2011-12,SAC,Sacramento Kings,1994_sacramento-kings.png,https://i.logocdn.com/nba/1994/sacramento-kings@3x.png
2011-12,SAS,San Antonio Spurs,2002_san-antonio-spurs.png,https://i.logocdn.com/nba/2002/san-antonio-spurs@3x.png
2011-12,TOR,Toronto Raptors,2008_toronto-raptors.png,https://i.logocdn.com/nba/2008/toronto-raptors@3x.png
2011-12,UTA,Utah Jazz,2010_utah-jazz.png,https://i.logocdn.com/nba/2010/utah-jazz@3x.png
2011-12,WAS,Washington Wizards,2011_washington-wizards.png,https://i.logocdn.com/nba/2011/washington-wizards@3x.png
2012-13,ATL,Atlanta Hawks,2007_atlanta-hawks.png,https://i.logocdn.com/nba/2007/atlanta-hawks@3x.png
2012-13,BKN,Brooklyn Nets,2012_brooklyn-nets.png,https://i.logocdn.com/nba/2012/brooklyn-nets@3x.png
2012-13,BOS,Boston Celtics,1996_boston-celtics.svg,https://i.logocdn.com/nba/1996/boston-celtics.svg
2012-13,CHA,Charlotte Bobcats,2012_charlotte-bobcats.png,https://i.logocdn.com/nba/2012/charlotte-bobcats@3x.png
2012-13,CHI,Chicago Bulls,1966_chicago-bulls.svg,https://i.logocdn.com/nba/1966/chicago-bulls.svg
2012-13,CLE,Cleveland Cavaliers,2010_cleveland-cavaliers.png,https://i.logocdn.com/nba/2010/cleveland-cavaliers@3x.png
2012-13,DAL,Dallas Mavericks,2001_dallas-mavericks.png,https://i.logocdn.com/nba/2001/dallas-mavericks@3x.png
2012-13,DEN,Denver Nuggets,2008_denver-nuggets.png,https://i.logocdn.com/nba/2008/denver-nuggets@3x.png
2012-13,DET,Detroit Pistons,2005_detroit-pistons.png,https://i.logocdn.com/nba/2005/detroit-pistons@3x.png
2012-13,GSW,Golden State Warriors,2010_golden-state-warriors.png,https://i.logocdn.com/nba/2010/golden-state-warriors@3x.png
2012-13,HOU,Houston Rockets,2003_houston-rockets.png,https://i.logocdn.com/nba/2003/houston-rockets@3x.png
2012-13,IND,Indiana Pacers,2005_indiana-pacers.png,https://i.logocdn.com/nba/2005/indiana-pacers@3x.png
2012-13,LAC,Los Angeles Clippers,2010_los-angeles-clippers.png,https://i.logocdn.com/nba/2010/los-angeles-clippers@3x.png
2012-13,LAL,Los Angeles Lakers,2001_los-angeles-lakers.png,https://i.logocdn.com/nba/2001/los-angeles-lakers@3x.png
2012-13,MEM,Memphis Grizzlies,2004_memphis-grizzlies.png,https://i.logocdn.com/nba/2004/memphis-grizzlies@3x.png
2012-13,MIA,Miami Heat,1999_miami-heat.svg,https://i.logocdn.com/nba/1999/miami-heat.svg
2012-13,MIL,Milwaukee Bucks,2006_milwaukee-bucks.png,https://i.logocdn.com/nba/2006/milwaukee-bucks@3x.png
2012-13,MIN,Minnesota Timberwolves,2008_minnesota-timberwolves.png,https://i.logocdn.com/nba/2008/minnesota-timberwolves@3x.png
2012-13,NOH,New Orleans Hornets,2008_new-orleans-hornets.png,https://i.logocdn.com/nba/2008/new-orleans-hornets@3x.png
2012-13,NYK,New York Knicks,2011_new-york-knicks.png,https://i.logocdn.com/nba/2011/new-york-knicks@3x.png
2012-13,OKC,Oklahoma City Thunder,2008_oklahoma-city-thunder.svg,https://i.logocdn.com/nba/current/oklahoma-city-thunder.svg
2012-13,ORL,Orlando Magic,2010_orlando-magic.png,https://i.logocdn.com/nba/2010/orlando-magic@3x.png
2012-13,PHI,Philadelphia 76ers,2009_philadelphia-76ers.png,https://i.logocdn.com/nba/2009/philadelphia-76ers@3x.png
2012-13,PHX,Phoenix Suns,2000_phoenix-suns.png,https://i.logocdn.com/nba/2000/phoenix-suns@3x.png
2012-13,POR,Portland Trail Blazers,2004_portland-trail-blazers.png,https://i.logocdn.com/nba/2004/portland-trail-blazers@3x.png
2012-13,SAC,Sacramento Kings,1994_sacramento-kings.png,https://i.logocdn.com/nba/1994/sacramento-kings@3x.png
2012-13,SAS,San Antonio Spurs,2002_san-antonio-spurs.png,https://i.logocdn.com/nba/2002/san-antonio-spurs@3x.png
2012-13,TOR,Toronto Raptors,2008_toronto-raptors.png,https://i.logocdn.com/nba/2008/toronto-raptors@3x.png
2012-13,UTA,Utah Jazz,2010_utah-jazz.png,https://i.logocdn.com/nba/2010/utah-jazz@3x.png
2012-13,WAS,Washington Wizards,2011_washington-wizards.png,https://i.logocdn.com/nba/2011/washington-wizards@3x.png
2013-14,ATL,Atlanta Hawks,2007_atlanta-hawks.png,https://i.logocdn.com/nba/2007/atlanta-hawks@3x.png
2013-14,BKN,Brooklyn Nets,2012_brooklyn-nets.png,https://i.logocdn.com/nba/2012/brooklyn-nets@3x.png
2013-14,BOS,Boston Celtics,1996_boston-celtics.svg,https://i.logocdn.com/nba/1996/boston-celtics.svg
2013-14,CHA,Charlotte Bobcats,2012_charlotte-bobcats.png,https://i.logocdn.com/nba/2012/charlotte-bobcats@3x.png
2013-14,CHI,Chicago Bulls,1966_chicago-bulls.svg,https://i.logocdn.com/nba/1966/chicago-bulls.svg
2013-14,CLE,Cleveland Cavaliers,2010_cleveland-cavaliers.png,https://i.logocdn.com/nba/2010/cleveland-cavaliers@3x.png
2013-14,DAL,Dallas Mavericks,2001_dallas-mavericks.png,https://i.logocdn.com/nba/2001/dallas-mavericks@3x.png
2013-14,DEN,Denver Nuggets,2008_denver-nuggets.png,https://i.logocdn.com/nba/2008/denver-nuggets@3x.png
2013-14,DET,Detroit Pistons,2005_detroit-pistons.png,https://i.logocdn.com/nba/2005/detroit-pistons@3x.png
2013-14,GSW,Golden State Warriors,2010_golden-state-warriors.png,https://i.logocdn.com/nba/2010/golden-state-warriors@3x.png
2013-14,HOU,Houston Rockets,2003_houston-rockets.png,https://i.logocdn.com/nba/2003/houston-rockets@3x.png
2013-14,IND,Indiana Pacers,2005_indiana-pacers.png,https://i.logocdn.com/nba/2005/indiana-pacers@3x.png
2013-14,LAC,Los Angeles Clippers,2010_los-angeles-clippers.png,https://i.logocdn.com/nba/2010/los-angeles-clippers@3x.png
2013-14,LAL,Los Angeles Lakers,2001_los-angeles-lakers.png,https://i.logocdn.com/nba/2001/los-angeles-lakers@3x.png
2013-14,MEM,Memphis Grizzlies,2004_memphis-grizzlies.png,https://i.logocdn.com/nba/2004/memphis-grizzlies@3x.png
2013-14,MIA,Miami Heat,1999_miami-heat.svg,https://i.logocdn.com/nba/1999/miami-heat.svg
2013-14,MIL,Milwaukee Bucks,2006_milwaukee-bucks.png,https://i.logocdn.com/nba/2006/milwaukee-bucks@3x.png
2013-14,MIN,Minnesota Timberwolves,2008_minnesota-timberwolves.png,https://i.logocdn.com/nba/2008/minnesota-timberwolves@3x.png
2013-14,NOP,New Orleans Pelicans,2013_new-orleans-pelicans.png,https://i.logocdn.com/nba/2013/new-orleans-pelicans@3x.png
2013-14,NYK,New York Knicks,2011_new-york-knicks.png,https://i.logocdn.com/nba/2011/new-york-knicks@3x.png
2013-14,OKC,Oklahoma City Thunder,2008_oklahoma-city-thunder.svg,https://i.logocdn.com/nba/current/oklahoma-city-thunder.svg
2013-14,ORL,Orlando Magic,2010_orlando-magic.png,https://i.logocdn.com/nba/2010/orlando-magic@3x.png
2013-14,PHI,Philadelphia 76ers,2009_philadelphia-76ers.png,https://i.logocdn.com/nba/2009/philadelphia-76ers@3x.png
2013-14,PHX,Phoenix Suns,2013_phoenix-suns.svg,https://i.logocdn.com/nba/2013/phoenix-suns.svg
2013-14,POR,Portland Trail Blazers,2004_portland-trail-blazers.png,https://i.logocdn.com/nba/2004/portland-trail-blazers@3x.png
2013-14,SAC,Sacramento Kings,1994_sacramento-kings.png,https://i.logocdn.com/nba/1994/sacramento-kings@3x.png
2013-14,SAS,San Antonio Spurs,2002_san-antonio-spurs.png,https://i.logocdn.com/nba/2002/san-antonio-spurs@3x.png
2013-14,TOR,Toronto Raptors,2008_toronto-raptors.png,https://i.logocdn.com/nba/2008/toronto-raptors@3x.png
2013-14,UTA,Utah Jazz,2010_utah-jazz.png,https://i.logocdn.com/nba/2010/utah-jazz@3x.png
2013-14,WAS,Washington Wizards,2011_washington-wizards.png,https://i.logocdn.com/nba/2011/washington-wizards@3x.png
2014-15,ATL,Atlanta Hawks,2007_atlanta-hawks.png,https://i.logocdn.com/nba/2007/atlanta-hawks@3x.png
2014-15,BKN,Brooklyn Nets,2012_brooklyn-nets.png,https://i.logocdn.com/nba/2012/brooklyn-nets@3x.png
2014-15,BOS,Boston Celtics,1996_boston-celtics.svg,https://i.logocdn.com/nba/1996/boston-celtics.svg
2014-15,CHA,Charlotte Hornets,2014_charlotte-hornets.svg,https://i.logocdn.com/nba/2014/charlotte-hornets.svg
2014-15,CHI,Chicago Bulls,1966_chicago-bulls.svg,https://i.logocdn.com/nba/1966/chicago-bulls.svg
2014-15,CLE,Cleveland Cavaliers,2010_cleveland-cavaliers.png,https://i.logocdn.com/nba/2010/cleveland-cavaliers@3x.png
2014-15,DAL,Dallas Mavericks,2001_dallas-mavericks.png,https://i.logocdn.com/nba/2001/dallas-mavericks@3x.png
2014-15,DEN,Denver Nuggets,2008_denver-nuggets.png,https://i.logocdn.com/nba/2008/denver-nuggets@3x.png
2014-15,DET,Detroit Pistons,2005_detroit-pistons.png,https://i.logocdn.com/nba/2005/detroit-pistons@3x.png
2014-15,GSW,Golden State Warriors,2010_golden-state-warriors.png,https://i.logocdn.com/nba/2010/golden-state-warriors@3x.png
2014-15,HOU,Houston Rockets,2003_houston-rockets.png,https://i.logocdn.com/nba/2003/houston-rockets@3x.png
2014-15,IND,Indiana Pacers,2005_indiana-pacers.png,https://i.logocdn.com/nba/2005/indiana-pacers@3x.png
2014-15,LAC,Los Angeles Clippers,2010_los-angeles-clippers.png,https://i.logocdn.com/nba/2010/los-angeles-clippers@3x.png
2014-15,LAL,Los Angeles Lakers,2001_los-angeles-lakers.png,https://i.logocdn.com/nba/2001/los-angeles-lakers@3x.png
2014-15,MEM,Memphis Grizzlies,2004_memphis-grizzlies.png,https://i.logocdn.com/nba/2004/memphis-grizzlies@3x.png
2014-15,MIA,Miami Heat,1999_miami-heat.svg,https://i.logocdn.com/nba/1999/miami-heat.svg
2014-15,MIL,Milwaukee Bucks,2006_milwaukee-bucks.png,https://i.logocdn.com/nba/2006/milwaukee-bucks@3x.png
2014-15,MIN,Minnesota Timberwolves,2008_minnesota-timberwolves.png,https://i.logocdn.com/nba/2008/minnesota-timberwolves@3x.png
2014-15,NOP,New Orleans Pelicans,2013_new-orleans-pelicans.png,https://i.logocdn.com/nba/2013/new-orleans-pelicans@3x.png
2014-15,NYK,New York Knicks,2011_new-york-knicks.png,https://i.logocdn.com/nba/2011/new-york-knicks@3x.png
2014-15,OKC,Oklahoma City Thunder,2008_oklahoma-city-thunder.svg,https://i.logocdn.com/nba/current/oklahoma-city-thunder.svg
2014-15,ORL,Orlando Magic,2010_orlando-magic.png,https://i.logocdn.com/nba/2010/orlando-magic@3x.png
2014-15,PHI,Philadelphia 76ers,2009_philadelphia-76ers.png,https://i.logocdn.com/nba/2009/philadelphia-76ers@3x.png
2014-15,PHX,Phoenix Suns,2013_phoenix-suns.svg,https://i.logocdn.com/nba/2013/phoenix-suns.svg
2014-15,POR,Portland Trail Blazers,2004_portland-trail-blazers.png,https://i.logocdn.com/nba/2004/portland-trail-blazers@3x.png
2014-15,SAC,Sacramento Kings,1994_sacramento-kings.png,https://i.logocdn.com/nba/1994/sacramento-kings@3x.png
2014-15,SAS,San Antonio Spurs,2002_san-antonio-spurs.png,https://i.logocdn.com/nba/2002/san-antonio-spurs@3x.png
2014-15,TOR,Toronto Raptors,2008_toronto-raptors.png,https://i.logocdn.com/nba/2008/toronto-raptors@3x.png
2014-15,UTA,Utah Jazz,2010_utah-jazz.png,https://i.logocdn.com/nba/2010/utah-jazz@3x.png
2014-15,WAS,Washington Wizards,2014_washington-wizards.svg,https://i.logocdn.com/nba/2014/washington-wizards.svg
2015-16,ATL,Atlanta Hawks,2015_atlanta-hawks.png,https://i.logocdn.com/nba/2015/atlanta-hawks@3x.png
2015-16,BKN,Brooklyn Nets,2012_brooklyn-nets.png,https://i.logocdn.com/nba/2012/brooklyn-nets@3x.png
2015-16,BOS,Boston Celtics,1996_boston-celtics.svg,https://i.logocdn.com/nba/1996/boston-celtics.svg
2015-16,CHA,Charlotte Hornets,2014_charlotte-hornets.svg,https://i.logocdn.com/nba/2014/charlotte-hornets.svg
2015-16,CHI,Chicago Bulls,1966_chicago-bulls.svg,https://i.logocdn.com/nba/1966/chicago-bulls.svg
2015-16,CLE,Cleveland Cavaliers,2010_cleveland-cavaliers.png,https://i.logocdn.com/nba/2010/cleveland-cavaliers@3x.png
2015-16,DAL,Dallas Mavericks,2001_dallas-mavericks.png,https://i.logocdn.com/nba/2001/dallas-mavericks@3x.png
2015-16,DEN,Denver Nuggets,2008_denver-nuggets.png,https://i.logocdn.com/nba/2008/denver-nuggets@3x.png
2015-16,DET,Detroit Pistons,2005_detroit-pistons.png,https://i.logocdn.com/nba/2005/detroit-pistons@3x.png
2015-16,GSW,Golden State Warriors,2010_golden-state-warriors.png,https://i.logocdn.com/nba/2010/golden-state-warriors@3x.png
2015-16,HOU,Houston Rockets,2003_houston-rockets.png,https://i.logocdn.com/nba/2003/houston-rockets@3x.png
2015-16,IND,Indiana Pacers,2005_indiana-pacers.png,https://i.logocdn.com/nba/2005/indiana-pacers@3x.png
2015-16,LAC,LA Clippers,2015_los-angeles-clippers.png,https://i.logocdn.com/nba/2015/los-angeles-clippers@3x.png
2015-16,LAL,Los Angeles Lakers,2001_los-angeles-lakers.png,https://i.logocdn.com/nba/2001/los-angeles-lakers@3x.png
2015-16,MEM,Memphis Grizzlies,2004_memphis-grizzlies.png,https://i.logocdn.com/nba/2004/memphis-grizzlies@3x.png
2015-16,MIA,Miami Heat,1999_miami-heat.svg,https://i.logocdn.com/nba/1999/miami-heat.svg
2015-16,MIL,Milwaukee Bucks,2015_milwaukee-bucks.svg,https://i.logocdn.com/nba/2015/milwaukee-bucks.svg
2015-16,MIN,Minnesota Timberwolves,2008_minnesota-timberwolves.png,https://i.logocdn.com/nba/2008/minnesota-timberwolves@3x.png
2015-16,NOP,New Orleans Pelicans,2013_new-orleans-pelicans.png,https://i.logocdn.com/nba/2013/new-orleans-pelicans@3x.png
2015-16,NYK,New York Knicks,2011_new-york-knicks.png,https://i.logocdn.com/nba/2011/new-york-knicks@3x.png
2015-16,OKC,Oklahoma City Thunder,2008_oklahoma-city-thunder.svg,https://i.logocdn.com/nba/current/oklahoma-city-thunder.svg
2015-16,ORL,Orlando Magic,2010_orlando-magic.png,https://i.logocdn.com/nba/2010/orlando-magic@3x.png
2015-16,PHI,Philadelphia 76ers,2015_philadelphia-76ers.svg,https://i.logocdn.com/nba/2015/philadelphia-76ers.svg
2015-16,PHX,Phoenix Suns,2013_phoenix-suns.svg,https://i.logocdn.com/nba/2013/phoenix-suns.svg
2015-16,POR,Portland Trail Blazers,2004_portland-trail-blazers.png,https://i.logocdn.com/nba/2004/portland-trail-blazers@3x.png
2015-16,SAC,Sacramento Kings,1994_sacramento-kings.png,https://i.logocdn.com/nba/1994/sacramento-kings@3x.png
2015-16,SAS,San Antonio Spurs,2002_san-antonio-spurs.png,https://i.logocdn.com/nba/2002/san-antonio-spurs@3x.png
2015-16,TOR,Toronto Raptors,2015_toronto-raptors.png,https://i.logocdn.com/nba/2015/toronto-raptors@3x.png
2015-16,UTA,Utah Jazz,2010_utah-jazz.png,https://i.logocdn.com/nba/2010/utah-jazz@3x.png
2015-16,WAS,Washington Wizards,2014_washington-wizards.svg,https://i.logocdn.com/nba/2014/washington-wizards.svg
2016-17,ATL,Atlanta Hawks,2015_atlanta-hawks.png,https://i.logocdn.com/nba/2015/atlanta-hawks@3x.png
2016-17,BKN,Brooklyn Nets,2012_brooklyn-nets.png,https://i.logocdn.com/nba/2012/brooklyn-nets@3x.png
2016-17,BOS,Boston Celtics,1996_boston-celtics.svg,https://i.logocdn.com/nba/1996/boston-celtics.svg
2016-17,CHA,Charlotte Hornets,2014_charlotte-hornets.svg,https://i.logocdn.com/nba/2014/charlotte-hornets.svg
2016-17,CHI,Chicago Bulls,1966_chicago-bulls.svg,https://i.logocdn.com/nba/1966/chicago-bulls.svg
2016-17,CLE,Cleveland Cavaliers,2010_cleveland-cavaliers.png,https://i.logocdn.com/nba/2010/cleveland-cavaliers@3x.png
2016-17,DAL,Dallas Mavericks,2001_dallas-mavericks.png,https://i.logocdn.com/nba/2001/dallas-mavericks@3x.png
2016-17,DEN,Denver Nuggets,2008_denver-nuggets.png,https://i.logocdn.com/nba/2008/denver-nuggets@3x.png
2016-17,DET,Detroit Pistons,2005_detroit-pistons.png,https://i.logocdn.com/nba/2005/detroit-pistons@3x.png
2016-17,GSW,Golden State Warriors,2010_golden-state-warriors.png,https://i.logocdn.com/nba/2010/golden-state-warriors@3x.png
2016-17,HOU,Houston Rockets,2003_houston-rockets.png,https://i.logocdn.com/nba/2003/houston-rockets@3x.png
2016-17,IND,Indiana Pacers,2005_indiana-pacers.png,https://i.logocdn.com/nba/2005/indiana-pacers@3x.png
2016-17,LAC,LA Clippers,2015_los-angeles-clippers.png,https://i.logocdn.com/nba/2015/los-angeles-clippers@3x.png
2016-17,LAL,Los Angeles Lakers,2001_los-angeles-lakers.png,https://i.logocdn.com/nba/2001/los-angeles-lakers@3x.png
2016-17,MEM,Memphis Grizzlies,2004_memphis-grizzlies.png,https://i.logocdn.com/nba/2004/memphis-grizzlies@3x.png
2016-17,MIA,Miami Heat,1999_miami-heat.svg,https://i.logocdn.com/nba/1999/miami-heat.svg
2016-17,MIL,Milwaukee Bucks,2015_milwaukee-bucks.svg,https://i.logocdn.com/nba/2015/milwaukee-bucks.svg
2016-17,MIN,Minnesota Timberwolves,2008_minnesota-timberwolves.png,https://i.logocdn.com/nba/2008/minnesota-timberwolves@3x.png
2016-17,NOP,New Orleans Pelicans,2013_new-orleans-pelicans.png,https://i.logocdn.com/nba/2013/new-orleans-pelicans@3x.png
2016-17,NYK,New York Knicks,2011_new-york-knicks.png,https://i.logocdn.com/nba/2011/new-york-knicks@3x.png
2016-17,OKC,Oklahoma City Thunder,2008_oklahoma-city-thunder.svg,https://i.logocdn.com/nba/current/oklahoma-city-thunder.svg
2016-17,ORL,Orlando Magic,2010_orlando-magic.png,https://i.logocdn.com/nba/2010/orlando-magic@3x.png
2016-17,PHI,Philadelphia 76ers,2015_philadelphia-76ers.svg,https://i.logocdn.com/nba/2015/philadelphia-76ers.svg
2016-17,PHX,Phoenix Suns,2013_phoenix-suns.svg,https://i.logocdn.com/nba/2013/phoenix-suns.svg
2016-17,POR,Portland Trail Blazers,2004_portland-trail-blazers.png,https://i.logocdn.com/nba/2004/portland-trail-blazers@3x.png
2016-17,SAC,Sacramento Kings,2016_sacramento-kings.svg,https://i.logocdn.com/nba/2016/sacramento-kings.svg
2016-17,SAS,San Antonio Spurs,2002_san-antonio-spurs.png,https://i.logocdn.com/nba/2002/san-antonio-spurs@3x.png
2016-17,TOR,Toronto Raptors,2015_toronto-raptors.png,https://i.logocdn.com/nba/2015/toronto-raptors@3x.png
2016-17,UTA,Utah Jazz,2016_utah-jazz.png,https://i.logocdn.com/nba/2016/utah-jazz@3x.png
2016-17,WAS,Washington Wizards,2014_washington-wizards.svg,https://i.logocdn.com/nba/2014/washington-wizards.svg
2017-18,ATL,Atlanta Hawks,2015_atlanta-hawks.png,https://i.logocdn.com/nba/2015/atlanta-hawks@3x.png
2017-18,BKN,Brooklyn Nets,2012_brooklyn-nets.png,https://i.logocdn.com/nba/2012/brooklyn-nets@3x.png
2017-18,BOS,Boston Celtics,1996_boston-celtics.svg,https://i.logocdn.com/nba/1996/boston-celtics.svg
2017-18,CHA,Charlotte Hornets,2014_charlotte-hornets.svg,https://i.logocdn.com/nba/2014/charlotte-hornets.svg
2017-18,CHI,Chicago Bulls,1966_chicago-bulls.svg,https://i.logocdn.com/nba/1966/chicago-bulls.svg
2017-18,CLE,Cleveland Cavaliers,2017_cleveland-cavaliers.png,https://i.logocdn.com/nba/2017/cleveland-cavaliers@3x.png
2017-18,DAL,Dallas Mavericks,2017_dallas-mavericks.svg,https://i.logocdn.com/nba/2017/dallas-mavericks.svg
2017-18,DEN,Denver Nuggets,2008_denver-nuggets.png,https://i.logocdn.com/nba/2008/denver-nuggets@3x.png
2017-18,DET,Detroit Pistons,2017_detroit-pistons.svg,https://i.logocdn.com/nba/2017/detroit-pistons.svg
2017-18,GSW,Golden State Warriors,2010_golden-state-warriors.png,https://i.logocdn.com/nba/2010/golden-state-warriors@3x.png
2017-18,HOU,Houston Rockets,2003_houston-rockets.png,https://i.logocdn.com/nba/2003/houston-rockets@3x.png
2017-18,IND,Indiana Pacers,2017_indiana-pacers.png,https://i.logocdn.com/nba/2017/indiana-pacers@3x.png
2017-18,LAC,LA Clippers,2015_los-angeles-clippers.png,https://i.logocdn.com/nba/2015/los-angeles-clippers@3x.png
2017-18,LAL,Los Angeles Lakers,2001_los-angeles-lakers.png,https://i.logocdn.com/nba/2001/los-angeles-lakers@3x.png
2017-18,MEM,Memphis Grizzlies,2004_memphis-grizzlies.png,https://i.logocdn.com/nba/2004/memphis-grizzlies@3x.png
2017-18,MIA,Miami Heat,1999_miami-heat.svg,https://i.logocdn.com/nba/1999/miami-heat.svg
2017-18,MIL,Milwaukee Bucks,2015_milwaukee-bucks.svg,https://i.logocdn.com/nba/2015/milwaukee-bucks.svg
2017-18,MIN,Minnesota Timberwolves,2017_minnesota-timberwolves.png,https://i.logocdn.com/nba/2017/minnesota-timberwolves@3x.png
2017-18,NOP,New Orleans Pelicans,2013_new-orleans-pelicans.png,https://i.logocdn.com/nba/2013/new-orleans-pelicans@3x.png
2017-18,NYK,New York Knicks,2011_new-york-knicks.png,https://i.logocdn.com/nba/2011/new-york-knicks@3x.png
2017-18,OKC,Oklahoma City Thunder,2008_oklahoma-city-thunder.svg,https://i.logocdn.com/nba/current/oklahoma-city-thunder.svg
2017-18,ORL,Orlando Magic,2010_orlando-magic.png,https://i.logocdn.com/nba/2010/orlando-magic@3x.png
2017-18,PHI,Philadelphia 76ers,2015_philadelphia-76ers.svg,https://i.logocdn.com/nba/2015/philadelphia-76ers.svg
2017-18,PHX,Phoenix Suns,2013_phoenix-suns.svg,https://i.logocdn.com/nba/2013/phoenix-suns.svg
2017-18,POR,Portland Trail Blazers,2017_portland-trail-blazers.svg,https://i.logocdn.com/nba/2017/portland-trail-blazers.svg
2017-18,SAC,Sacramento Kings,2016_sacramento-kings.svg,https://i.logocdn.com/nba/2016/sacramento-kings.svg
2017-18,SAS,San Antonio Spurs,2017_san-antonio-spurs.svg,https://i.logocdn.com/nba/2017/san-antonio-spurs.svg
2017-18,TOR,Toronto Raptors,2015_toronto-raptors.png,https://i.logocdn.com/nba/2015/toronto-raptors@3x.png
2017-18,UTA,Utah Jazz,2016_utah-jazz.png,https://i.logocdn.com/nba/2016/utah-jazz@3x.png
2017-18,WAS,Washington Wizards,2014_washington-wizards.svg,https://i.logocdn.com/nba/2014/washington-wizards.svg
2018-19,ATL,Atlanta Hawks,2015_atlanta-hawks.png,https://i.logocdn.com/nba/2015/atlanta-hawks@3x.png
2018-19,BKN,Brooklyn Nets,2012_brooklyn-nets.png,https://i.logocdn.com/nba/2012/brooklyn-nets@3x.png
2018-19,BOS,Boston Celtics,1996_boston-celtics.svg,https://i.logocdn.com/nba/1996/boston-celtics.svg
2018-19,CHA,Charlotte Hornets,2014_charlotte-hornets.svg,https://i.logocdn.com/nba/2014/charlotte-hornets.svg
2018-19,CHI,Chicago Bulls,1966_chicago-bulls.svg,https://i.logocdn.com/nba/1966/chicago-bulls.svg
2018-19,CLE,Cleveland Cavaliers,2017_cleveland-cavaliers.png,https://i.logocdn.com/nba/2017/cleveland-cavaliers@3x.png
2018-19,DAL,Dallas Mavericks,2017_dallas-mavericks.svg,https://i.logocdn.com/nba/2017/dallas-mavericks.svg
2018-19,DEN,Denver Nuggets,2018_denver-nuggets.svg,https://i.logocdn.com/nba/2018/denver-nuggets.svg
2018-19,DET,Detroit Pistons,2017_detroit-pistons.svg,https://i.logocdn.com/nba/2017/detroit-pistons.svg
2018-19,GSW,Golden State Warriors,2010_golden-state-warriors.png,https://i.logocdn.com/nba/2010/golden-state-warriors@3x.png
2018-19,HOU,Houston Rockets,2003_houston-rockets.png,https://i.logocdn.com/nba/2003/houston-rockets@3x.png
2018-19,IND,Indiana Pacers,2017_indiana-pacers.png,https://i.logocdn.com/nba/2017/indiana-pacers@3x.png
2018-19,LAC,LA Clippers,2015_los-angeles-clippers.png,https://i.logocdn.com/nba/2015/los-angeles-clippers@3x.png
2018-19,LAL,Los Angeles Lakers,2001_los-angeles-lakers.png,https://i.logocdn.com/nba/2001/los-angeles-lakers@3x.png
2018-19,MEM,Memphis Grizzlies,2018_memphis-grizzlies.svg,https://i.logocdn.com/nba/2018/memphis-grizzlies.svg
2018-19,MIA,Miami Heat,1999_miami-heat.svg,https://i.logocdn.com/nba/1999/miami-heat.svg
2018-19,MIL,Milwaukee Bucks,2015_milwaukee-bucks.svg,https://i.logocdn.com/nba/2015/milwaukee-bucks.svg
2018-19,MIN,Minnesota Timberwolves,2017_minnesota-timberwolves.png,https://i.logocdn.com/nba/2017/minnesota-timberwolves@3x.png
2018-19,NOP,New Orleans Pelicans,2013_new-orleans-pelicans.png,https://i.logocdn.com/nba/2013/new-orleans-pelicans@3x.png
2018-19,NYK,New York Knicks,2011_new-york-knicks.png,https://i.logocdn.com/nba/2011/new-york-knicks@3x.png
2018-19,OKC,Oklahoma City Thunder,2008_oklahoma-city-thunder.svg,https://i.logocdn.com/nba/current/oklahoma-city-thunder.svg
2018-19,ORL,Orlando Magic,2010_orlando-magic.png,https://i.logocdn.com/nba/2010/orlando-magic@3x.png
2018-19,PHI,Philadelphia 76ers,2015_philadelphia-76ers.svg,https://i.logocdn.com/nba/2015/philadelphia-76ers.svg
2018-19,PHX,Phoenix Suns,2013_phoenix-suns.svg,https://i.logocdn.com/nba/2013/phoenix-suns.svg
2018-19,POR,Portland Trail Blazers,2017_portland-trail-blazers.svg,https://i.logocdn.com/nba/2017/portland-trail-blazers.svg
2018-19,SAC,Sacramento Kings,2016_sacramento-kings.svg,https://i.logocdn.com/nba/2016/sacramento-kings.svg
2018-19,SAS,San Antonio Spurs,2017_san-antonio-spurs.svg,https://i.logocdn.com/nba/2017/san-antonio-spurs.svg
2018-19,TOR,Toronto Raptors,2015_toronto-raptors.png,https://i.logocdn.com/nba/2015/toronto-raptors@3x.png
2018-19,UTA,Utah Jazz,2016_utah-jazz.png,https://i.logocdn.com/nba/2016/utah-jazz@3x.png
2018-19,WAS,Washington Wizards,2014_washington-wizards.svg,https://i.logocdn.com/nba/2014/washington-wizards.svg
2019-20,ATL,Atlanta Hawks,2015_atlanta-hawks.png,https://i.logocdn.com/nba/2015/atlanta-hawks@3x.png
2019-20,BKN,Brooklyn Nets,2012_brooklyn-nets.png,https://i.logocdn.com/nba/2012/brooklyn-nets@3x.png
2019-20,BOS,Boston Celtics,1996_boston-celtics.svg,https://i.logocdn.com/nba/1996/boston-celtics.svg
2019-20,CHA,Charlotte Hornets,2014_charlotte-hornets.svg,https://i.logocdn.com/nba/2014/charlotte-hornets.svg
2019-20,CHI,Chicago Bulls,1966_chicago-bulls.svg,https://i.logocdn.com/nba/1966/chicago-bulls.svg
2019-20,CLE,Cleveland Cavaliers,2017_cleveland-cavaliers.png,https://i.logocdn.com/nba/2017/cleveland-cavaliers@3x.png
2019-20,DAL,Dallas Mavericks,2017_dallas-mavericks.svg,https://i.logocdn.com/nba/2017/dallas-mavericks.svg
2019-20,DEN,Denver Nuggets,2018_denver-nuggets.svg,https://i.logocdn.com/nba/2018/denver-nuggets.svg
2019-20,DET,Detroit Pistons,2017_detroit-pistons.svg,https://i.logocdn.com/nba/2017/detroit-pistons.svg
2019-20,GSW,Golden State Warriors,2019_golden-state-warriors.svg,https://i.logocdn.com/nba/2019/golden-state-warriors.svg
2019-20,HOU,Houston Rockets,2019_houston-rockets.png,https://i.logocdn.com/nba/2019/houston-rockets@3x.png
2019-20,IND,Indiana Pacers,2017_indiana-pacers.png,https://i.logocdn.com/nba/2017/indiana-pacers@3x.png
2019-20,LAC,LA Clippers,2015_los-angeles-clippers.png,https://i.logocdn.com/nba/2015/los-angeles-clippers@3x.png
2019-20,LAL,Los Angeles Lakers,2001_los-angeles-lakers.png,https://i.logocdn.com/nba/2001/los-angeles-lakers@3x.png
2019-20,MEM,Memphis Grizzlies,2018_memphis-grizzlies.svg,https://i.logocdn.com/nba/2018/memphis-grizzlies.svg
2019-20,MIA,Miami Heat,1999_miami-heat.svg,https://i.logocdn.com/nba/1999/miami-heat.svg
2019-20,MIL,Milwaukee Bucks,2015_milwaukee-bucks.svg,https://i.logocdn.com/nba/2015/milwaukee-bucks.svg
2019-20,MIN,Minnesota Timberwolves,2017_minnesota-timberwolves.png,https://i.logocdn.com/nba/2017/minnesota-timberwolves@3x.png
2019-20,NOP,New Orleans Pelicans,2013_new-orleans-pelicans.png,https://i.logocdn.com/nba/2013/new-orleans-pelicans@3x.png
2019-20,NYK,New York Knicks,2011_new-york-knicks.png,https://i.logocdn.com/nba/2011/new-york-knicks@3x.png
2019-20,OKC,Oklahoma City Thunder,2008_oklahoma-city-thunder.svg,https://i.logocdn.com/nba/current/oklahoma-city-thunder.svg
2019-20,ORL,Orlando Magic,2010_orlando-magic.png,https://i.logocdn.com/nba/2010/orlando-magic@3x.png
2019-20,PHI,Philadelphia 76ers,2015_philadelphia-76ers.svg,https://i.logocdn.com/nba/2015/philadelphia-76ers.svg
2019-20,PHX,Phoenix Suns,2013_phoenix-suns.svg,https://i.logocdn.com/nba/2013/phoenix-suns.svg
2019-20,POR,Portland Trail Blazers,2017_portland-trail-blazers.svg,https://i.logocdn.com/nba/2017/portland-trail-blazers.svg
2019-20,SAC,Sacramento Kings,2016_sacramento-kings.svg,https://i.logocdn.com/nba/2016/sacramento-kings.svg
2019-20,SAS,San Antonio Spurs,2017_san-antonio-spurs.svg,https://i.logocdn.com/nba/2017/san-antonio-spurs.svg
2019-20,TOR,Toronto Raptors,2015_toronto-raptors.png,https://i.logocdn.com/nba/2015/toronto-raptors@3x.png
2019-20,UTA,Utah Jazz,2016_utah-jazz.png,https://i.logocdn.com/nba/2016/utah-jazz@3x.png
2019-20,WAS,Washington Wizards,2014_washington-wizards.svg,https://i.logocdn.com/nba/2014/washington-wizards.svg
2020-21,ATL,Atlanta Hawks,2020_atlanta-hawks.svg,https://i.logocdn.com/nba/2020/atlanta-hawks.svg
2020-21,BKN,Brooklyn Nets,2012_brooklyn-nets.png,https://i.logocdn.com/nba/2012/brooklyn-nets@3x.png
2020-21,BOS,Boston Celtics,1996_boston-celtics.svg,https://i.logocdn.com/nba/1996/boston-celtics.svg
2020-21,CHA,Charlotte Hornets,2014_charlotte-hornets.svg,https://i.logocdn.com/nba/2014/charlotte-hornets.svg
2020-21,CHI,Chicago Bulls,1966_chicago-bulls.svg,https://i.logocdn.com/nba/1966/chicago-bulls.svg
2020-21,CLE,Cleveland Cavaliers,2017_cleveland-cavaliers.png,https://i.logocdn.com/nba/2017/cleveland-cavaliers@3x.png
2020-21,DAL,Dallas Mavericks,2017_dallas-mavericks.svg,https://i.logocdn.com/nba/2017/dallas-mavericks.svg
2020-21,DEN,Denver Nuggets,2018_denver-nuggets.svg,https://i.logocdn.com/nba/2018/denver-nuggets.svg
2020-21,DET,Detroit Pistons,2017_detroit-pistons.svg,https://i.logocdn.com/nba/2017/detroit-pistons.svg
2020-21,GSW,Golden State Warriors,2019_golden-state-warriors.svg,https://i.logocdn.com/nba/2019/golden-state-warriors.svg
2020-21,HOU,Houston Rockets,2019_houston-rockets.png,https://i.logocdn.com/nba/2019/houston-rockets@3x.png
2020-21,IND,Indiana Pacers,2017_indiana-pacers.png,https://i.logocdn.com/nba/2017/indiana-pacers@3x.png
2020-21,LAC,LA Clippers,2015_los-angeles-clippers.png,https://i.logocdn.com/nba/2015/los-angeles-clippers@3x.png
2020-21,LAL,Los Angeles Lakers,2001_los-angeles-lakers.png,https://i.logocdn.com/nba/2001/los-angeles-lakers@3x.png
2020-21,MEM,Memphis Grizzlies,2018_memphis-grizzlies.svg,https://i.logocdn.com/nba/2018/memphis-grizzlies.svg
2020-21,MIA,Miami Heat,1999_miami-heat.svg,https://i.logocdn.com/nba/1999/miami-heat.svg
2020-21,MIL,Milwaukee Bucks,2015_milwaukee-bucks.svg,https://i.logocdn.com/nba/2015/milwaukee-bucks.svg
2020-21,MIN,Minnesota Timberwolves,2017_minnesota-timberwolves.png,https://i.logocdn.com/nba/2017/minnesota-timberwolves@3x.png
2020-21,NOP,New Orleans Pelicans,2013_new-orleans-pelicans.png,https://i.logocdn.com/nba/2013/new-orleans-pelicans@3x.png
2020-21,NYK,New York Knicks,2011_new-york-knicks.png,https://i.logocdn.com/nba/2011/new-york-knicks@3x.png
2020-21,OKC,Oklahoma City Thunder,2008_oklahoma-city-thunder.svg,https://i.logocdn.com/nba/current/oklahoma-city-thunder.svg
2020-21,ORL,Orlando Magic,2010_orlando-magic.png,https://i.logocdn.com/nba/2010/orlando-magic@3x.png
2020-21,PHI,Philadelphia 76ers,2015_philadelphia-76ers.svg,https://i.logocdn.com/nba/2015/philadelphia-76ers.svg
2020-21,PHX,Phoenix Suns,2013_phoenix-suns.svg,https://i.logocdn.com/nba/2013/phoenix-suns.svg
2020-21,POR,Portland Trail Blazers,2017_portland-trail-blazers.svg,https://i.logocdn.com/nba/2017/portland-trail-blazers.svg
2020-21,SAC,Sacramento Kings,2016_sacramento-kings.svg,https://i.logocdn.com/nba/2016/sacramento-kings.svg
2020-21,SAS,San Antonio Spurs,2017_san-antonio-spurs.svg,https://i.logocdn.com/nba/2017/san-antonio-spurs.svg
2020-21,TOR,Toronto Raptors,2020_toronto-raptors.svg,https://i.logocdn.com/nba/2020/toronto-raptors.svg
2020-21,UTA,Utah Jazz,2016_utah-jazz.png,https://i.logocdn.com/nba/2016/utah-jazz@3x.png
2020-21,WAS,Washington Wizards,2014_washington-wizards.svg,https://i.logocdn.com/nba/2014/washington-wizards.svg
2021-22,ATL,Atlanta Hawks,2020_atlanta-hawks.svg,https://i.logocdn.com/nba/2020/atlanta-hawks.svg
2021-22,BKN,Brooklyn Nets,2012_brooklyn-nets.png,https://i.logocdn.com/nba/2012/brooklyn-nets@3x.png
2021-22,BOS,Boston Celtics,1996_boston-celtics.svg,https://i.logocdn.com/nba/1996/boston-celtics.svg
2021-22,CHA,Charlotte Hornets,2014_charlotte-hornets.svg,https://i.logocdn.com/nba/2014/charlotte-hornets.svg
2021-22,CHI,Chicago Bulls,1966_chicago-bulls.svg,https://i.logocdn.com/nba/1966/chicago-bulls.svg
2021-22,CLE,Cleveland Cavaliers,2017_cleveland-cavaliers.png,https://i.logocdn.com/nba/2017/cleveland-cavaliers@3x.png
2021-22,DAL,Dallas Mavericks,2017_dallas-mavericks.svg,https://i.logocdn.com/nba/2017/dallas-mavericks.svg
2021-22,DEN,Denver Nuggets,2018_denver-nuggets.svg,https://i.logocdn.com/nba/2018/denver-nuggets.svg
2021-22,DET,Detroit Pistons,2017_detroit-pistons.svg,https://i.logocdn.com/nba/2017/detroit-pistons.svg
2021-22,GSW,Golden State Warriors,2019_golden-state-warriors.svg,https://i.logocdn.com/nba/2019/golden-state-warriors.svg
2021-22,HOU,Houston Rockets,2019_houston-rockets.png,https://i.logocdn.com/nba/2019/houston-rockets@3x.png
2021-22,IND,Indiana Pacers,2017_indiana-pacers.png,https://i.logocdn.com/nba/2017/indiana-pacers@3x.png
2021-22,LAC,LA Clippers,2015_los-angeles-clippers.png,https://i.logocdn.com/nba/2015/los-angeles-clippers@3x.png
2021-22,LAL,Los Angeles Lakers,2001_los-angeles-lakers.png,https://i.logocdn.com/nba/2001/los-angeles-lakers@3x.png
2021-22,MEM,Memphis Grizzlies,2018_memphis-grizzlies.svg,https://i.logocdn.com/nba/2018/memphis-grizzlies.svg
2021-22,MIA,Miami Heat,1999_miami-heat.svg,https://i.logocdn.com/nba/1999/miami-heat.svg
2021-22,MIL,Milwaukee Bucks,2015_milwaukee-bucks.svg,https://i.logocdn.com/nba/2015/milwaukee-bucks.svg
2021-22,MIN,Minnesota Timberwolves,2017_minnesota-timberwolves.png,https://i.logocdn.com/nba/2017/minnesota-timberwolves@3x.png
2021-22,NOP,New Orleans Pelicans,2013_new-orleans-pelicans.png,https://i.logocdn.com/nba/2013/new-orleans-pelicans@3x.png
2021-22,NYK,New York Knicks,2011_new-york-knicks.png,https://i.logocdn.com/nba/2011/new-york-knicks@3x.png
2021-22,OKC,Oklahoma City Thunder,2008_oklahoma-city-thunder.svg,https://i.logocdn.com/nba/current/oklahoma-city-thunder.svg
2021-22,ORL,Orlando Magic,2010_orlando-magic.png,https://i.logocdn.com/nba/2010/orlando-magic@3x.png
2021-22,PHI,Philadelphia 76ers,2015_philadelphia-76ers.svg,https://i.logocdn.com/nba/2015/philadelphia-76ers.svg
2021-22,PHX,Phoenix Suns,2013_phoenix-suns.svg,https://i.logocdn.com/nba/2013/phoenix-suns.svg
2021-22,POR,Portland Trail Blazers,2017_portland-trail-blazers.svg,https://i.logocdn.com/nba/2017/portland-trail-blazers.svg
2021-22,SAC,Sacramento Kings,2016_sacramento-kings.svg,https://i.logocdn.com/nba/2016/sacramento-kings.svg
2021-22,SAS,San Antonio Spurs,2017_san-antonio-spurs.svg,https://i.logocdn.com/nba/2017/san-antonio-spurs.svg
2021-22,TOR,Toronto Raptors,2020_toronto-raptors.svg,https://i.logocdn.com/nba/2020/toronto-raptors.svg
2021-22,UTA,Utah Jazz,2016_utah-jazz.png,https://i.logocdn.com/nba/2016/utah-jazz@3x.png
2021-22,WAS,Washington Wizards,2014_washington-wizards.svg,https://i.logocdn.com/nba/2014/washington-wizards.svg
2022-23,ATL,Atlanta Hawks,2020_atlanta-hawks.svg,https://i.logocdn.com/nba/2020/atlanta-hawks.svg
2022-23,BKN,Brooklyn Nets,2012_brooklyn-nets.png,https://i.logocdn.com/nba/2012/brooklyn-nets@3x.png
2022-23,BOS,Boston Celtics,1996_boston-celtics.svg,https://i.logocdn.com/nba/1996/boston-celtics.svg
2022-23,CHA,Charlotte Hornets,2014_charlotte-hornets.svg,https://i.logocdn.com/nba/2014/charlotte-hornets.svg
2022-23,CHI,Chicago Bulls,1966_chicago-bulls.svg,https://i.logocdn.com/nba/1966/chicago-bulls.svg
2022-23,CLE,Cleveland Cavaliers,2022_cleveland-cavaliers.png,https://i.logocdn.com/nba/2022/cleveland-cavaliers.svg
2022-23,DAL,Dallas Mavericks,2017_dallas-mavericks.svg,https://i.logocdn.com/nba/2017/dallas-mavericks.svg
2022-23,DEN,Denver Nuggets,2018_denver-nuggets.svg,https://i.logocdn.com/nba/2018/denver-nuggets.svg
2022-23,DET,Detroit Pistons,2017_detroit-pistons.svg,https://i.logocdn.com/nba/2017/detroit-pistons.svg
2022-23,GSW,Golden State Warriors,2019_golden-state-warriors.svg,https://i.logocdn.com/nba/2019/golden-state-warriors.svg
2022-23,HOU,Houston Rockets,2019_houston-rockets.png,https://i.logocdn.com/nba/2019/houston-rockets@3x.png
2022-23,IND,Indiana Pacers,2017_indiana-pacers.png,https://i.logocdn.com/nba/2017/indiana-pacers@3x.png
2022-23,LAC,LA Clippers,2015_los-angeles-clippers.png,https://i.logocdn.com/nba/2015/los-angeles-clippers@3x.png
2022-23,LAL,Los Angeles Lakers,2001_los-angeles-lakers.png,https://i.logocdn.com/nba/2001/los-angeles-lakers@3x.png
2022-23,MEM,Memphis Grizzlies,2018_memphis-grizzlies.svg,https://i.logocdn.com/nba/2018/memphis-grizzlies.svg
2022-23,MIA,Miami Heat,1999_miami-heat.svg,https://i.logocdn.com/nba/1999/miami-heat.svg
2022-23,MIL,Milwaukee Bucks,2015_milwaukee-bucks.svg,https://i.logocdn.com/nba/2015/milwaukee-bucks.svg
2022-23,MIN,Minnesota Timberwolves,2017_minnesota-timberwolves.png,https://i.logocdn.com/nba/2017/minnesota-timberwolves@3x.png
2022-23,NOP,New Orleans Pelicans,2013_new-orleans-pelicans.png,https://i.logocdn.com/nba/2013/new-orleans-pelicans@3x.png
2022-23,NYK,New York Knicks,2022_new-york-knicks.svg,https://i.logocdn.com/nba/2022/new-york-knicks.svg
2022-23,OKC,Oklahoma City Thunder,2008_oklahoma-city-thunder.svg,https://i.logocdn.com/nba/current/oklahoma-city-thunder.svg
2022-23,ORL,Orlando Magic,2010_orlando-magic.png,https://i.logocdn.com/nba/2010/orlando-magic@3x.png
2022-23,PHI,Philadelphia 76ers,2015_philadelphia-76ers.svg,https://i.logocdn.com/nba/2015/philadelphia-76ers.svg
2022-23,PHX,Phoenix Suns,2013_phoenix-suns.svg,https://i.logocdn.com/nba/2013/phoenix-suns.svg
2022-23,POR,Portland Trail Blazers,2017_portland-trail-blazers.svg,https://i.logocdn.com/nba/2017/portland-trail-blazers.svg
2022-23,SAC,Sacramento Kings,2016_sacramento-kings.svg,https://i.logocdn.com/nba/2016/sacramento-kings.svg
2022-23,SAS,San Antonio Spurs,2017_san-antonio-spurs.svg,https://i.logocdn.com/nba/2017/san-antonio-spurs.svg
2022-23,TOR,Toronto Raptors,2020_toronto-raptors.svg,https://i.logocdn.com/nba/2020/toronto-raptors.svg
2022-23,UTA,Utah Jazz,2022_utah-jazz.png,https://i.logocdn.com/nba/2022/utah-jazz@3x.png
2022-23,WAS,Washington Wizards,2014_washington-wizards.svg,https://i.logocdn.com/nba/2014/washington-wizards.svg
2023-24,ATL,Atlanta Hawks,2020_atlanta-hawks.svg,https://i.logocdn.com/nba/2020/atlanta-hawks.svg
2023-24,BKN,Brooklyn Nets,2012_brooklyn-nets.png,https://i.logocdn.com/nba/2012/brooklyn-nets@3x.png
2023-24,BOS,Boston Celtics,1996_boston-celtics.svg,https://i.logocdn.com/nba/1996/boston-celtics.svg
2023-24,CHA,Charlotte Hornets,2014_charlotte-hornets.svg,https://i.logocdn.com/nba/2014/charlotte-hornets.svg
2023-24,CHI,Chicago Bulls,1966_chicago-bulls.svg,https://i.logocdn.com/nba/1966/chicago-bulls.svg
2023-24,CLE,Cleveland Cavaliers,2022_cleveland-cavaliers.png,https://i.logocdn.com/nba/2022/cleveland-cavaliers.svg
2023-24,DAL,Dallas Mavericks,2017_dallas-mavericks.svg,https://i.logocdn.com/nba/2017/dallas-mavericks.svg
2023-24,DEN,Denver Nuggets,2018_denver-nuggets.svg,https://i.logocdn.com/nba/2018/denver-nuggets.svg
2023-24,DET,Detroit Pistons,2017_detroit-pistons.svg,https://i.logocdn.com/nba/2017/detroit-pistons.svg
2023-24,GSW,Golden State Warriors,2019_golden-state-warriors.svg,https://i.logocdn.com/nba/2019/golden-state-warriors.svg
2023-24,HOU,Houston Rockets,2019_houston-rockets.png,https://i.logocdn.com/nba/2019/houston-rockets@3x.png
2023-24,IND,Indiana Pacers,2017_indiana-pacers.png,https://i.logocdn.com/nba/2017/indiana-pacers@3x.png
2023-24,LAC,LA Clippers,2015_los-angeles-clippers.png,https://i.logocdn.com/nba/2015/los-angeles-clippers@3x.png
2023-24,LAL,Los Angeles Lakers,2023_los-angeles-lakers.svg,https://i.logocdn.com/nba/2023/los-angeles-lakers.svg
2023-24,MEM,Memphis Grizzlies,2018_memphis-grizzlies.svg,https://i.logocdn.com/nba/2018/memphis-grizzlies.svg
2023-24,MIA,Miami Heat,1999_miami-heat.svg,https://i.logocdn.com/nba/1999/miami-heat.svg
2023-24,MIL,Milwaukee Bucks,2015_milwaukee-bucks.svg,https://i.logocdn.com/nba/2015/milwaukee-bucks.svg
2023-24,MIN,Minnesota Timberwolves,2017_minnesota-timberwolves.png,https://i.logocdn.com/nba/2017/minnesota-timberwolves@3x.png
2023-24,NOP,New Orleans Pelicans,2023_new-orleans-pelicans.svg,https://i.logocdn.com/nba/2023/new-orleans-pelicans.svg
2023-24,NYK,New York Knicks,2022_new-york-knicks.svg,https://i.logocdn.com/nba/2022/new-york-knicks.svg
2023-24,OKC,Oklahoma City Thunder,2008_oklahoma-city-thunder.svg,https://i.logocdn.com/nba/current/oklahoma-city-thunder.svg
2023-24,ORL,Orlando Magic,2010_orlando-magic.png,https://i.logocdn.com/nba/2010/orlando-magic@3x.png
2023-24,PHI,Philadelphia 76ers,2015_philadelphia-76ers.svg,https://i.logocdn.com/nba/2015/philadelphia-76ers.svg
2023-24,PHX,Phoenix Suns,2013_phoenix-suns.svg,https://i.logocdn.com/nba/2013/phoenix-suns.svg
2023-24,POR,Portland Trail Blazers,2017_portland-trail-blazers.svg,https://i.logocdn.com/nba/2017/portland-trail-blazers.svg
2023-24,SAC,Sacramento Kings,2016_sacramento-kings.svg,https://i.logocdn.com/nba/2016/sacramento-kings.svg
2023-24,SAS,San Antonio Spurs,2017_san-antonio-spurs.svg,https://i.logocdn.com/nba/2017/san-antonio-spurs.svg
2023-24,TOR,Toronto Raptors,2020_toronto-raptors.svg,https://i.logocdn.com/nba/2020/toronto-raptors.svg
2023-24,UTA,Utah Jazz,2022_utah-jazz.png,https://i.logocdn.com/nba/2022/utah-jazz@3x.png
2023-24,WAS,Washington Wizards,2014_washington-wizards.svg,https://i.logocdn.com/nba/2014/washington-wizards.svg
2024-25,ATL,Atlanta Hawks,2020_atlanta-hawks.svg,https://i.logocdn.com/nba/2020/atlanta-hawks.svg
2024-25,BKN,Brooklyn Nets,2024_brooklyn-nets.svg,https://i.logocdn.com/nba/2024/brooklyn-nets.svg
2024-25,BOS,Boston Celtics,1996_boston-celtics.svg,https://i.logocdn.com/nba/1996/boston-celtics.svg
2024-25,CHA,Charlotte Hornets,2014_charlotte-hornets.svg,https://i.logocdn.com/nba/2014/charlotte-hornets.svg
2024-25,CHI,Chicago Bulls,1966_chicago-bulls.svg,https://i.logocdn.com/nba/1966/chicago-bulls.svg
2024-25,CLE,Cleveland Cavaliers,2022_cleveland-cavaliers.png,https://i.logocdn.com/nba/2022/cleveland-cavaliers.svg
2024-25,DAL,Dallas Mavericks,2017_dallas-mavericks.svg,https://i.logocdn.com/nba/2017/dallas-mavericks.svg
2024-25,DEN,Denver Nuggets,2018_denver-nuggets.svg,https://i.logocdn.com/nba/2018/denver-nuggets.svg
2024-25,DET,Detroit Pistons,2017_detroit-pistons.svg,https://i.logocdn.com/nba/2017/detroit-pistons.svg
2024-25,GSW,Golden State Warriors,2019_golden-state-warriors.svg,https://i.logocdn.com/nba/2019/golden-state-warriors.svg
2024-25,HOU,Houston Rockets,2019_houston-rockets.png,https://i.logocdn.com/nba/2019/houston-rockets@3x.png
2024-25,IND,Indiana Pacers,2017_indiana-pacers.png,https://i.logocdn.com/nba/2017/indiana-pacers@3x.png
2024-25,LAC,LA Clippers,2024_los-angeles-clippers.svg,https://i.logocdn.com/nba/2024/los-angeles-clippers.svg
2024-25,LAL,Los Angeles Lakers,2023_los-angeles-lakers.svg,https://i.logocdn.com/nba/2023/los-angeles-lakers.svg
2024-25,MEM,Memphis Grizzlies,2018_memphis-grizzlies.svg,https://i.logocdn.com/nba/2018/memphis-grizzlies.svg
2024-25,MIA,Miami Heat,1999_miami-heat.svg,https://i.logocdn.com/nba/1999/miami-heat.svg
2024-25,MIL,Milwaukee Bucks,2015_milwaukee-bucks.svg,https://i.logocdn.com/nba/2015/milwaukee-bucks.svg
2024-25,MIN,Minnesota Timberwolves,2017_minnesota-timberwolves.png,https://i.logocdn.com/nba/2017/minnesota-timberwolves@3x.png
2024-25,NOP,New Orleans Pelicans,2023_new-orleans-pelicans.svg,https://i.logocdn.com/nba/2023/new-orleans-pelicans.svg
2024-25,NYK,New York Knicks,2022_new-york-knicks.svg,https://i.logocdn.com/nba/2022/new-york-knicks.svg
2024-25,OKC,Oklahoma City Thunder,2008_oklahoma-city-thunder.svg,https://i.logocdn.com/nba/current/oklahoma-city-thunder.svg
2024-25,ORL,Orlando Magic,2010_orlando-magic.png,https://i.logocdn.com/nba/2010/orlando-magic@3x.png
2024-25,PHI,Philadelphia 76ers,2015_philadelphia-76ers.svg,https://i.logocdn.com/nba/2015/philadelphia-76ers.svg
2024-25,PHX,Phoenix Suns,2013_phoenix-suns.svg,https://i.logocdn.com/nba/2013/phoenix-suns.svg
2024-25,POR,Portland Trail Blazers,2017_portland-trail-blazers.svg,https://i.logocdn.com/nba/2017/portland-trail-blazers.svg
2024-25,SAC,Sacramento Kings,2016_sacramento-kings.svg,https://i.logocdn.com/nba/2016/sacramento-kings.svg
2024-25,SAS,San Antonio Spurs,2017_san-antonio-spurs.svg,https://i.logocdn.com/nba/2017/san-antonio-spurs.svg
2024-25,TOR,Toronto Raptors,2020_toronto-raptors.svg,https://i.logocdn.com/nba/2020/toronto-raptors.svg
2024-25,UTA,Utah Jazz,2022_utah-jazz.png,https://i.logocdn.com/nba/2022/utah-jazz@3x.png
2024-25,WAS,Washington Wizards,2014_washington-wizards.svg,https://i.logocdn.com/nba/2014/washington-wizards.svg
2025-26,ATL,Atlanta Hawks,2020_atlanta-hawks.svg,https://i.logocdn.com/nba/2020/atlanta-hawks.svg
2025-26,BKN,Brooklyn Nets,2024_brooklyn-nets.svg,https://i.logocdn.com/nba/2024/brooklyn-nets.svg
2025-26,BOS,Boston Celtics,1996_boston-celtics.svg,https://i.logocdn.com/nba/1996/boston-celtics.svg
2025-26,CHA,Charlotte Hornets,2014_charlotte-hornets.svg,https://i.logocdn.com/nba/2014/charlotte-hornets.svg
2025-26,CHI,Chicago Bulls,1966_chicago-bulls.svg,https://i.logocdn.com/nba/1966/chicago-bulls.svg
2025-26,CLE,Cleveland Cavaliers,2022_cleveland-cavaliers.png,https://i.logocdn.com/nba/2022/cleveland-cavaliers.svg
2025-26,DAL,Dallas Mavericks,2017_dallas-mavericks.svg,https://i.logocdn.com/nba/2017/dallas-mavericks.svg
2025-26,DEN,Denver Nuggets,2018_denver-nuggets.svg,https://i.logocdn.com/nba/2018/denver-nuggets.svg
2025-26,DET,Detroit Pistons,2017_detroit-pistons.svg,https://i.logocdn.com/nba/2017/detroit-pistons.svg
2025-26,GSW,Golden State Warriors,2019_golden-state-warriors.svg,https://i.logocdn.com/nba/2019/golden-state-warriors.svg
2025-26,HOU,Houston Rockets,2019_houston-rockets.png,https://i.logocdn.com/nba/2019/houston-rockets@3x.png
2025-26,IND,Indiana Pacers,2025_indiana-pacers.svg,https://i.logocdn.com/nba/2025/indiana-pacers.svg
2025-26,LAC,LA Clippers,2024_los-angeles-clippers.svg,https://i.logocdn.com/nba/2024/los-angeles-clippers.svg
2025-26,LAL,Los Angeles Lakers,2023_los-angeles-lakers.svg,https://i.logocdn.com/nba/2023/los-angeles-lakers.svg
2025-26,MEM,Memphis Grizzlies,2018_memphis-grizzlies.svg,https://i.logocdn.com/nba/2018/memphis-grizzlies.svg
2025-26,MIA,Miami Heat,1999_miami-heat.svg,https://i.logocdn.com/nba/1999/miami-heat.svg
2025-26,MIL,Milwaukee Bucks,2015_milwaukee-bucks.svg,https://i.logocdn.com/nba/2015/milwaukee-bucks.svg
2025-26,MIN,Minnesota Timberwolves,2017_minnesota-timberwolves.png,https://i.logocdn.com/nba/2017/minnesota-timberwolves@3x.png
2025-26,NOP,New Orleans Pelicans,2023_new-orleans-pelicans.svg,https://i.logocdn.com/nba/2023/new-orleans-pelicans.svg
2025-26,NYK,New York Knicks,2022_new-york-knicks.svg,https://i.logocdn.com/nba/2022/new-york-knicks.svg
2025-26,OKC,Oklahoma City Thunder,2008_oklahoma-city-thunder.svg,https://i.logocdn.com/nba/current/oklahoma-city-thunder.svg
2025-26,ORL,Orlando Magic,2025_orlando-magic.png,https://i.logocdn.com/nba/2025/orlando-magic.svg
2025-26,PHI,Philadelphia 76ers,2015_philadelphia-76ers.svg,https://i.logocdn.com/nba/2015/philadelphia-76ers.svg
2025-26,PHX,Phoenix Suns,2013_phoenix-suns.svg,https://i.logocdn.com/nba/2013/phoenix-suns.svg
2025-26,POR,Portland Trail Blazers,2017_portland-trail-blazers.svg,https://i.logocdn.com/nba/2017/portland-trail-blazers.svg
2025-26,SAC,Sacramento Kings,2016_sacramento-kings.svg,https://i.logocdn.com/nba/2016/sacramento-kings.svg
2025-26,SAS,San Antonio Spurs,2017_san-antonio-spurs.svg,https://i.logocdn.com/nba/2017/san-antonio-spurs.svg
2025-26,TOR,Toronto Raptors,2020_toronto-raptors.svg,https://i.logocdn.com/nba/2020/toronto-raptors.svg
2025-26,UTA,Utah Jazz,2025_utah-jazz.png,https://i.logocdn.com/nba/2025/utah-jazz.svg
2025-26,WAS,Washington Wizards,2014_washington-wizards.svg,https://i.logocdn.com/nba/2014/washington-wizards.svg
